#Thorlabs FTS;
[SpectrumHeader];
#Date;20181005
#Time;16164606
#GMTTime;14164606
#XAxisUnit;nm_air
#YAxisUnit;intensity
#Average;1
#RollingAverage;0
#SpectrumSmooth;0
#SSmoothParam1;0
#SSmoothParam2;0
#SSmoothParam3;0
#SSmoothParam4;0
#IntegrationTime;0.08
#TriggerMode;0
#InterferometerSerial;M00467860
#Source;
#AirMeasureOpt;0
#WnrMin;0
#WnrMax;0
#Length;3648
#Resolution;0,00E+00
#ADC;0
#Instrument;0
#InstrModel;CCS100
#Type;emission
#AirTemp;0
#AirPressure;0
#AirRelHum;0
#Name;
#Comment;
[Data];
321.5512085;0.001433486235
321.6586914;0.001928039012
321.7661743;0.001196961035
321.8736877;-0.0003727064177
321.9812012;-0.0002006880677
322.0886841;0.0005948967882
322.196228;0.0002078555117
322.3037415;0.0005088876351
322.4112854;0.0008099197294
322.5188293;0.00147649087
322.6263733;0.002530103317
322.7339172;0.0002078555117
322.8414917;-0.0006307339645
322.9490662;0.0007239105762
323.0566406;0.0008744266233
323.1642151;0.001885034377
323.2717896;0.001325974823
323.3793945;0.002186066471
323.4869995;0.0000143348625
323.5946045;-0.0003297018411
323.70224;0.001325974823
323.8098755;0.0008959288825
323.9174805;0.001347477082
324.0251465;0.001110951882
324.132782;0.002143061953
324.240448;-0.0008242545882
324.3480835;0.0009389334591
324.4557495;0.0003368692705
324.563446;0.001110951882
324.6711121;0.0002938646649
324.7788086;0.0001433486177
324.8865051;0.002401089529
324.9942017;0.003110665129
325.1019287;0.001605504542
325.2096252;0.001282970188
325.3173523;0.0009819380939
325.4250793;0.0009174311999
325.5328369;-0.00009317660442
325.640564;0.0008099197294
325.7483215;0.0009174311999
325.8560791;0.001519495388
325.9638672;-0.0001361811883
326.0716248;0.003110665129
326.1794128;0.001261467929
326.2872009;0.0000143348625
326.394989;-0.0001791857794
326.5028076;0.0007454128354
326.6105957;-0.000028669725
326.7184143;0.002637614729
326.8262329;0.001497993129
326.934082;0.0004228784528
327.0419006;-0.0002006880677
327.1497498;0.001218463294
327.2575989;-0.0002221903706
327.3654785;0.00147649087
327.4733276;-0.0002221903706
327.5812073;0.001454988495
327.6890869;0.001325974823
327.7969666;0.003153669648
327.9048462;-0.001490825671
328.0127563;0.001411983976
328.1206665;0.0008099197294
328.2285767;0.0001218463294
328.3364868;0.001756020589
328.4444275;-0.0002651949471
328.5523682;0.001928039012
328.6603088;0.00278813066
328.7682495;0.0008314220468
328.8762207;-0.0002221903706
328.9841614;0.00005733945
329.0921326;0.001540997764
329.2001343;0.001239965553
329.3081055;0.0002723623766
329.4161072;-0.0006092316471
329.5240784;0.002207568847
329.6321106;0.001261467929
329.7401123;0.0005948967882
329.848114;0.001648509176
329.9561462;0.003089162754
330.0641785;0.0000143348625
330.1722107;-0.0004372133117
330.2802734;-0.0001146789
330.3883362;0.0007669151528
330.4963684;0.0002508600883
330.6044617;0.0005088876351
330.7125244;0.0005518922117
330.8206177;0.001497993129
330.9286804;0.001261467929
331.0367737;0.000788417412
331.1448975;0.0009819380939
331.2529907;0.0005088876351
331.3611145;0.001132454141
331.4692383;-0.00009317660442
331.5773621;0.0004013761354
331.6855164;0.001218463294
331.7936401;0.001024942612
331.9017944;0.0004013761354
332.0099487;-0.0001361811883
332.1181335;0.003497706493
332.2262878;0.0006163991056
332.3344727;0.0001003440339
332.4426575;0.001175458659
332.5508423;0.0005518922117
332.6590576;-0.001318807364
332.7672424;0.00147649087
332.8754578;0.0003153669822
332.9836731;0.0009389334591
333.0919189;-0.0004587156
333.2001343;0.002229070989
333.3083801;0.001584002282
333.416626;0.001562500023
333.5248718;0.0008314220468
333.6331482;-0.0001576834911
333.7414246;-0.0005017201765
333.8496704;-0.00009317660442
333.9579773;-0.00125430047
334.0662537;0.002465596423
334.1745605;0.0004658830294
334.2828369;0.002186066471
334.3911743;-0.000028669725
334.4994812;0.002164564328
334.6077881;0.001046444988
334.7161255;0.0002938646649
334.8244629;0.001411983976
334.9328003;0.001132454141
335.0411682;0.0002508600883
335.1495056;0.002100057434
335.2578735;-0.0009962728946
335.3662415;0.001691513811
335.4746399;-0.0001576834911
335.5830078;0.0009604357765
335.6914063;-0.0006952408003
335.7998047;0.0008959288825
335.9082031;-0.0008672591648
336.0166321;0.002186066471
336.1250305;-0.0006737385411
336.2334595;0.002121559577
336.3418884;0.001885034377
336.4503479;0.001454988495
336.5587769;0.001433486235
336.6672363;0.001368979341
336.7756958;-0.0008457569056
336.8841553;-0.000028669725
336.9926453;0.0007239105762
337.1011047;0.001799025224
337.2095947;-0.0006307339645
337.3180847;0.002164564328
337.4266052;0.0004013761354
337.5350952;0.0002938646649
337.6436157;0.002078555059
337.7521362;0.002272075741
337.8606567;-0.00101777527
337.9692078;0.001562500023
338.0777283;0.00003583715443
338.1862793;0.0007239105762
338.2948303;0.001347477082
338.4034119;-0.000007167431249
338.5119629;0.0001433486177
338.6205444;0.0004013761354
338.729126;0.001132454141
338.8377075;0.0009819380939
338.9463196;0.001691513811
339.0549316;0.0006379013648
339.1635437;0.0008099197294
339.2721558;-0.0005877293297
339.3807678;-0.0005232224939
339.4894104;0.0009819380939
339.5980225;0.0006379013648
339.706665;0.002272075741
339.8153381;0.000788417412
339.9239807;0.0006379013648
340.0326538;0.0005518922117
340.1413269;0.001110951882
340.25;0.0003583715588
340.3586731;0.001024942612
340.4673767;0.0006809059414
340.5760803;-0.0001791857794
340.6847839;-0.0002866972354
340.7934875;-0.0005232224939
340.9021912;-0.0001146789
341.0109253;-0.000394208706
341.1196594;0.0003368692705
341.2283936;-0.0008672591648
341.3371277;0.0001433486177
341.4458923;0.0009819380939
341.554657;0.0005733944708
341.6634216;0.0011539564
341.7721863;0.00003583715443
341.8809509;0.001325974823
341.9897461;-0.001211295836
342.0985413;0.00278813066
342.2073364;0.002336582635
342.3161316;0.001756020589
342.4249573;-0.0003727064177
342.533783;0.0003798738471
342.6426086;0.00005733945
342.7514343;0.0001433486177
342.86026;0.004938360304
342.9691162;0.002981651342
343.0779724;0.001196961035
343.1868286;0.001046444988
343.2956848;0.001670011436
343.4045715;0.0005948967882
343.5134583;-0.0001361811883
343.622345;0.001175458659
343.7312317;0.0002508600883
343.8401184;0.001261467929
343.9490356;0.000788417412
344.0579529;0.0004658830294
344.1668701;-0.0005447247531
344.2757874;0.001519495388
344.3847351;-0.0001791857794
344.4936523;0.002401089529
344.6026001;-0.0002866972354
344.7115479;0.0005733944708
344.8205261;-0.0007382454351
344.9294739;0.00005733945
345.0384521;-0.0006737385411
345.1474304;0.001605504542
345.2564087;-0.000028669725
345.3654175;0.0008099197294
345.4744263;-0.0009317660588
345.5834351;0.002573107835
345.6924438;0.001562500023
345.8014526;0.001627006917
345.9104919;-0.001232798211
346.0195007;0.001024942612
346.12854;0.0004443807411
346.2376099;0.001670011436
346.3466492;0.001863532118
346.455719;0.002186066471
346.5647888;-0.0001146789
346.6738586;-0.0004372133117
346.7829285;-0.0002651949471
346.8920288;0.001261467929
347.0010986;-0.0006737385411
347.110199;0.001325974823
347.2192993;0.0008744266233
347.3284302;0.0008099197294
347.4375305;-0.0005877293297
347.5466614;-0.0001791857794
347.6557922;-0.0006092316471
347.7649536;-0.00125430047
347.8740845;0.001497993129
347.9832458;0.0008099197294
348.0924072;0.001325974823
348.2015686;-0.0005232224939
348.31073;0.0009604357765
348.4199219;0.0004658830294
348.5291138;0.0009819380939
348.6383057;0.002444094047
348.7474976;0.001756020589
348.8566895;-0.0003727064177
348.9659119;0.0002723623766
349.0751343;0.0008314220468
349.1843567;0.0000143348625
349.2935791;0.004078268539
349.402832;0.001304472447
349.5120544;0.001239965553
349.6213074;0.001906536752
349.7305908;-0.0002006880677
349.8398438;-0.0001146789
349.9491272;0.00003583715443
350.0583801;0.001282970188
350.1676636;0.0007239105762
350.2769775;-0.0004372133117
350.386261;0.001067947247
350.495575;-0.000028669725
350.6048889;0.0003368692705
350.7142029;-0.001082282164
350.8235168;0.0001433486177
350.9328613;0.001368979341
351.0421753;0.00007884174556
351.1515198;0.0008959288825
351.2608948;0.0002293578
351.3702393;0.001627006917
351.4796143;0.001971043646
351.5889587;0.001497993129
351.6983337;0.001218463294
351.8077393;-0.001211295836
351.9171143;0.001132454141
352.0265198;0.001691513811
352.1359253;0.0004228784528
352.2453308;0.0008744266233
352.3547363;0.001777522964
352.4641724;0.0002293578
352.5735779;0.0005088876351
352.6830139;0.0009604357765
352.7924805;0.0008314220468
352.9019165;-0.0006737385411
353.0113831;0.001497993129
353.1208191;0.0003583715588
353.2303162;0.002078555059
353.3397827;0.0008314220468
353.4492493;0.001928039012
353.5587463;0.0009389334591
353.6682434;0.0001218463294
353.7777405;0.0002938646649
353.8872375;0.0011539564
353.9967651;0.0008959288825
354.1062927;0.0006809059414
354.2158203;0.0006809059414
354.3253479;0.002014048165
354.4348755;0.0001863532088
354.5444336;0.0006594036822
354.6539612;0.0001648509206
354.7635498;0.001282970188
354.8731079;-0.0004587156
354.982666;0.001454988495
355.0922546;0.001196961035
355.2018433;0.0009819380939
355.3114319;0.001175458659
355.4210205;0.00203555054
355.5306396;0.0006379013648
355.6402283;0.0008744266233
355.7498474;0.0002508600883
355.8594666;0.001497993129
355.9691162;-0.001791857765
356.0787354;0.0004013761354
356.188385;0.0001218463294
356.2980347;0.001411983976
356.4076843;0.001175458659
356.5173645;0.0005088876351
356.6270447;0.001110951882
356.7366943;0.0003798738471
356.8463745;0.002229070989
356.9560852;0.001497993129
357.0657654;0.0002508600883
357.1754761;0.0004443807411
357.2851868;0.001175458659
357.3948975;0.001347477082
357.5046082;0.0001648509206
357.6143494;0.0001218463294
357.7240906;0.001949541271
357.8338013;0.00173451833
357.943573;-0.00009317660442
358.0533142;0.0008959288825
358.1630859;0.0005518922117
358.2728271;0.003949254751
358.3825989;0.0009389334591
358.4924011;0.0004013761354
358.6021729;-0.0003512041294
358.7119751;0.001024942612
358.8217773;0.0001863532088
358.9315796;0.001670011436
359.0413818;0.0006379013648
359.1511841;0.002723623766
359.2610168;-0.002329415176
359.3708496;0.001046444988
359.4806824;-0.0004587156
359.5905457;0.0001218463294
359.7003784;0.0008099197294
359.8102417;-0.0003081995528
359.920105;0.0009819380939
360.0299683;0.0006379013648
360.1398315;0.001196961035
360.2497253;0.0002508600883
360.3596191;-0.001426318777
360.4695129;-0.0003727064177
360.5794067;0.0000143348625
360.6893005;0.0004873853177
360.7992249;-0.0001361811883
360.9091492;0.001627006917
361.0190735;-0.0001576834911
361.1289978;0.0005733944708
361.2389526;0.0008744266233
361.348877;0.0004873853177
361.4588318;0.0008314220468
361.5687866;0.00147649087
361.678772;0.00171301607
361.7887268;0.0006809059414
361.8987122;0.001046444988
362.0086975;0.001562500023
362.1186829;0.0006379013648
362.2286682;0.0009604357765
362.3386841;-0.0004587156
362.4487;0.0001218463294
362.5587158;0.00003583715443
362.6687317;0.0011539564
362.7787476;0.001863532118
362.8887939;0.0003368692705
362.9988403;0.0003368692705
363.1088867;0.0001863532088
363.2189331;0.00203555054
363.3289795;0.0006594036822
363.4390564;0.0001003440339
363.5491333;0.001756020589
363.6592102;0.001196961035
363.7692871;0.0002078555117
363.8793945;0.0001863532088
363.9894714;0.001799025224
364.0995789;0.0005518922117
364.2096863;0.001777522964
364.3198242;-0.0004802178883
364.4299316;0.0009819380939
364.5400696;-0.0007597476942
364.6502075;0.000788417412
364.7603455;-0.0004372133117
364.8704834;0.001347477082
364.9806519;-0.0003297018411
365.0907898;0.00278813066
365.2009583;-0.00007167430886
365.3111267;0.001261467929
365.4213257;0.001863532118
365.5314941;0.0007454128354
365.6416931;-0.0005232224939
365.7518921;0.002487098565
365.8620911;0.001089449506
365.9723206;-0.0005877293297
366.0825195;-0.001447821152
366.192749;0.001670011436
366.3029785;0.001325974823
366.413208;0.00007884174556
366.523468;0.00171301607
366.633728;-0.000028669725
366.7439575;0.0005733944708
366.8542175;0.0009819380939
366.9645081;0.001110951882
367.0747681;-0.0009747706354
367.1850586;0.0003368692705
367.2953491;0.0008099197294
367.4056396;0.0001648509206
367.5159302;-0.000394208706
367.6262207;0.00005733945
367.7365417;-0.0003727064177
367.8468628;0.00171301607
367.9571838;-0.000028669725
368.0675049;0.001261467929
368.1778564;0.0005303898943
368.288208;-0.001168291317
368.3985596;-0.000007167431249
368.5089111;0.0004873853177
368.6192627;0.001368979341
368.7296448;0.0007024082588
368.8399963;-0.0009962728946
368.9503784;-0.001211295836
369.0607605;0.0006379013648
369.1711731;0.0002938646649
369.2815552;0.0009389334591
369.3919678;-0.0003081995528
369.5023804;0.001627006917
369.612793;0.0000143348625
369.7232361;0.0005948967882
369.8336487;0.0006379013648
369.9440918;0.001325974823
370.0545349;-0.000007167431249
370.164978;0.0007454128354
370.2754211;0.0007239105762
370.3858948;0.0006379013648
370.4963684;0.0002293578
370.606842;0.001347477082
370.7173157;0.0005088876351
370.8277893;0.0003153669822
370.9382935;-0.0003297018411
371.0487976;0.001067947247
371.1593018;-0.0005447247531
371.2698059;0.0005303898943
371.3803101;0.001089449506
371.4908447;0.001067947247
371.6013794;0.0005948967882
371.7119141;0.001261467929
371.8224487;0.0011539564
371.9330139;0.001089449506
372.0435486;0.0005733944708
372.1541138;0.001562500023
372.264679;0.001584002282
372.3752441;0.0006379013648
372.4858398;0.001218463294
372.596405;0.0008314220468
372.7070007;0.0009389334591
372.8175964;0.002573107835
372.9282227;0.0001218463294
373.0388184;0.0007024082588
373.1494446;0.001218463294
373.2600708;0.002186066471
373.370697;0.0002293578
373.4813232;0.000788417412
373.5919495;-0.000007167431249
373.7026062;0.0004658830294
373.8132629;-0.00101777527
373.9239197;-0.00007167430886
374.0345764;0.0001003440339
374.1452637;0.0004228784528
374.2559204;-0.000007167431249
374.3666077;0.000788417412
374.4772949;0.001218463294
374.5880127;0.0009389334591
374.6987;0.0001218463294
374.8094177;-0.0001791857794
374.9201355;-0.0006737385411
375.0308533;-0.0002006880677
375.141571;0.0005518922117
375.2522888;-0.0005232224939
375.3630371;0.0008314220468
375.4737854;0.002336582635
375.5845337;0.0004873853177
375.695282;0.001218463294
375.8060608;-0.0003727064177
375.9168396;0.0002078555117
376.0275879;0.0006594036822
376.1383972;0.0005518922117
376.249176;0.002530103317
376.3599548;0.0001863532088
376.4707642;0.0006379013648
376.5815735;0.002100057434
376.6923828;0.001003440353
376.8031921;0.001777522964
376.914032;0.000788417412
377.0248413;0.001562500023
377.1356812;0.002186066471
377.246521;0.002014048165
377.3573914;-0.0006307339645
377.4682312;0.002616112353
377.5791016;0.0004658830294
377.6899719;0.0009174311999
377.8008423;0.0006379013648
377.9117126;-0.00005017201693
378.0226135;-0.0006737385411
378.1334839;-0.0004372133117
378.2443848;0.001777522964
378.3552856;0.002401089529
378.4661865;-0.001576834824
378.5771179;0.0006809059414
378.6880493;0.001046444988
378.7989502;0.0001218463294
378.9098816;0.0006594036822
379.0208435;0.001519495388
379.1317749;0.001239965553
379.2427368;0.002594609978
379.3536987;0.0002078555117
379.4646606;0.0008959288825
379.5756226;0.001024942612
379.6865845;0.001691513811
379.7975769;-0.001318807364
379.9085693;-0.0008887614822
380.0195618;0.001799025224
380.1305542;0.001670011436
380.2415771;0.0005948967882
380.3525696;0.002809633035
380.4635925;0.001670011436
380.5746155;0.00005733945
380.6856384;0.0002938646649
380.7966919;0.001368979341
380.9077148;0.0007239105762
381.0187683;0.0002078555117
381.1298218;0.001777522964
381.2409058;0.0001648509206
381.3519592;-0.0003081995528
381.4630432;0.00173451833
381.5740967;-0.0007812500116
381.6851807;0.0004228784528
381.7962952;-0.00127580273
381.9073792;0.0004013761354
382.0184937;0.0006379013648
382.1295776;0.001261467929
382.2406921;0.000788417412
382.3518372;-0.0004802178883
382.4629517;0.002680619247
382.5740662;0.001540997764
382.6852112;0.001046444988
382.7963562;0.00171301607
382.9075012;-0.0003512041294
383.0186768;0.001777522964
383.1298218;-0.0006307339645
383.2409973;0.001175458659
383.3521729;0.0008314220468
383.4633484;-0.0004802178883
383.5745239;0.0002508600883
383.68573;0.001261467929
383.796936;-0.0002006880677
383.9081421;0.0003153669822
384.0193481;-0.000007167431249
384.1305542;0.001261467929
384.2417908;-0.0003727064177
384.3529968;0.001304472447
384.4642334;0.00005733945
384.57547;0.001110951882
384.6867371;0.0002723623766
384.7979736;0.000788417412
384.9092407;-0.00125430047
385.0205078;0.00003583715443
385.1317749;-0.0001576834911
385.243042;0.001454988495
385.3543091;0.0001648509206
385.4656067;0.001368979341
385.5769043;0.001175458659
385.6882019;0.001218463294
385.7994995;0.001454988495
385.9108276;0.0007024082588
386.0221252;-0.00007167430886
386.1334534;0.0004873853177
386.2447815;0.0009604357765
386.3561096;0.001454988495
386.4674683;0.0002078555117
386.5787964;0.0007239105762
386.690155;0.0007454128354
386.8015137;0.001175458659
386.9128723;-0.0002651949471
387.0242615;0.002186066471
387.1356201;-0.0001146789
387.2470093;0.001261467929
387.3583984;0.0007669151528
387.4697876;0.002100057434
387.5811768;0.001089449506
387.6925964;0.0008314220468
387.8040161;0.001003440353
387.9154358;0.000788417412
388.0268555;-0.0008242545882
388.1382751;0.001605504542
388.2497253;0.001196961035
388.361145;0.001067947247
388.4725952;0.001454988495
388.5840454;0.0008744266233
388.6954956;0.001046444988
388.8069763;0.001885034377
388.918457;-0.0001146789
389.0299072;0.0008529243059
389.1413879;0.0009389334591
389.2528992;0.001325974823
389.3643799;0.0008099197294
389.4758911;0.001325974823
389.5874023;0.0006379013648
389.6989136;-0.002049885225
389.8104248;0.001132454141
389.921936;0.001110951882
390.0334778;-0.0001361811883
390.144989;0.002874139929
390.2565308;0.0004873853177
390.368103;0.0003153669822
390.4796448;0.001885034377
390.5911865;0.001906536752
390.7027588;0.0008314220468
390.8143311;0.002680619247
390.9259033;0.002229070989
391.0375061;0.001992545789
391.1490784;0.0004873853177
391.2606812;0.0001218463294
391.3722839;-0.0002221903706
391.4838867;0.0005088876351
391.5954895;0.001089449506
391.7070923;0.0008529243059
391.8187256;-0.0002006880677
391.9303589;0.001218463294
392.0419922;0.00203555054
392.1536255;0.0001003440339
392.2652588;0.0009389334591
392.3769226;0.0008314220468
392.4885864;0.0003583715588
392.6002502;0.0001648509206
392.7119141;0.001046444988
392.8235779;0.001261467929
392.9352722;-0.0002866972354
393.0469666;0.0008959288825
393.1586304;0.0005303898943
393.2703552;0.001218463294
393.3820496;0.0011539564
393.4937439;0.001454988495
393.6054688;0.0002723623766
393.7171936;0.001175458659
393.8289185;0.0001648509206
393.9406433;0.001003440353
394.0523987;0.0009174311999
394.1641235;0.0008744266233
394.2758789;0.003175172023
394.3876343;0.002336582635
394.4993896;0.001949541271
394.6111755;0.001540997764
394.7229309;0.0000143348625
394.8347168;0.0008099197294
394.9465027;0.0004013761354
395.0582886;0.00003583715443
395.1700745;-0.000394208706
395.2818909;0.001024942612
395.3937073;0.0006594036822
395.5055237;0.0005303898943
395.6173401;0.0001218463294
395.7291565;0.001218463294
395.8409729;-0.0001361811883
395.9528198;0.001239965553
396.0646667;0.0004228784528
396.1765137;0.0006379013648
396.2883606;0.0009389334591
396.400238;0.002293577883
396.512085;-0.0001791857794
396.6239624;0.001670011436
396.7358398;-0.0001361811883
396.8477173;0.002379587153
396.9595947;0.001089449506
397.0715027;0.0009604357765
397.1834106;-0.00005017201693
397.2952881;0.002444094047
397.4072266;0.001454988495
397.5191345;0.001261467929
397.6310425;0.002164564328
397.742981;0.002379587153
397.8549194;0.001003440353
397.9668579;0.001239965553
398.0787964;0.00173451833
398.1907349;0.0005733944708
398.3027039;0.0009819380939
398.4146729;0.001390481601
398.5266418;-0.0002006880677
398.6386108;0.001304472447
398.7505798;0.00005733945
398.8625793;0.003562213387
398.9745789;0.0006594036822
399.0865479;0.002573107835
399.1985474;0.0005088876351
399.3105774;0.001562500023
399.4225769;-0.000028669725
399.5346069;0.001627006917
399.646637;0.00005733945
399.758667;0.0001003440339
399.870697;0.0008099197294
399.9827271;0.001433486235
400.0947876;0.0001433486177
400.2068481;0.001304472447
400.3189087;0.0002293578
400.4309692;0.001067947247
400.5430298;-0.0002436926588
400.6550903;0.0008959288825
400.7671814;0.001196961035
400.8792725;0.00171301607
400.9913635;0.0005948967882
401.1034546;0.001756020589
401.2155762;0.0003583715588
401.3276672;0.002143061953
401.4397888;0.003239678917
401.5519104;0.0004443807411
401.664032;0.0001003440339
401.7761841;0.001799025224
401.8883057;0.001863532118
402.0004578;0.001777522964
402.1126099;0.001089449506
402.224762;0.001347477082
402.3369141;0.0008314220468
402.4490967;0.0009389334591
402.5612488;0.001368979341
402.6734314;0.001454988495
402.785614;0.001670011436
402.8977966;0.0008529243059
403.0100098;0.0008099197294
403.1221924;0.0007024082588
403.2344055;0.001454988495
403.3466187;-0.0007167431177
403.4588318;0.001648509176
403.5710449;-0.0005447247531
403.6832886;0.0005518922117
403.7955322;0.003433199599
403.9077454;0.0002293578
404.019989;-0.0005447247531
404.1322632;0.002487098565
404.2445068;0.001519495388
404.356781;-0.0003727064177
404.4690247;0.002250573365
404.5812988;0.001949541271
404.6936035;0.001433486235
404.8058777;0.001239965553
404.9181519;0.002465596423
405.0304565;-0.000028669725
405.1427612;0.001454988495
405.2550659;0.001562500023
405.3673706;0.002465596423
405.4797058;-0.000028669725
405.5920105;0.003089162754
405.7043457;0.003949254751
405.8166809;0.003046158236
405.9290161;0.0004013761354
406.0413513;0.003648222424
406.153717;0.0006594036822
406.2660828;0.001992545789
406.3784485;0.001691513811
406.4908142;0.0011539564
406.6031799;0.001519495388
406.7155457;0.002379587153
406.8279419;0.001605504542
406.9403381;0.002186066471
407.0527344;-0.001232798211
407.1651306;0.002745126141
407.2775269;0.001971043646
407.3899536;0.002895642305
407.5023499;0.002358084777
407.6147766;0.003046158236
407.7272034;0.001691513811
407.8396301;0.001777522964
407.9520874;0.002272075741
408.0645142;0.002917144448
408.1769714;0.002852637554
408.2894287;0.001971043646
408.401886;0.0001218463294
408.5143738;0.002981651342
408.6268311;0.003239678917
408.7393188;0.004056766164
408.8518066;0.002831135411
408.9642944;0.002702121623
409.0767822;0.001368979341
409.18927;0.002616112353
409.3017883;0.003218176542
409.4143066;0.005411410704
409.526825;0.002551605459
409.6393433;0.003970756661
409.7518616;0.003562213387
409.8644104;0.004422305152
409.9769287;0.004271788988
410.0894775;0.003949254751
410.2020264;0.002723623766
410.3145752;0.004766341764
410.4271545;0.004056766164
410.5397034;0.00334719033
410.6522827;0.004099770449
410.7648621;0.006895069033
410.8774414;0.004873853177
410.9900513;0.004981364589
411.1026306;0.004314793739
411.2152405;0.005217889789
411.3278198;0.005045871716
411.4404297;0.003691227175
411.5530701;0.003949254751
411.6656799;0.00545441499
411.7783203;0.007239105646
411.8909302;0.007604644634
412.0035706;0.006787557155
412.1162109;0.00633600913
412.2288818;0.005217889789
412.3415222;0.004465309437
412.4541931;0.00680905953
412.5668335;0.007432626095
412.6795044;0.006250000093
412.7922058;0.007669151295
412.9048767;0.008464735933
413.0175476;0.01074397936
413.130249;0.007712156046
413.2429504;0.007690653671
413.3556519;0.007368119434
413.4683533;0.01001290139
413.5810852;0.008378727362
413.6937866;0.008292717859
413.8065186;0.01046444941
413.9192505;0.01057196129
414.0319824;0.009883888066
414.1447144;0.01115252264
414.2574768;0.01080848649
414.3702087;0.009109805338
414.4829712;0.01048595179
414.5957336;0.01246416289
414.7084961;0.01235665102
414.8212891;0.01323824562
414.9340515;0.01158256922
415.0468445;0.01334575657
415.1596375;0.01317373849
415.2724304;0.0150659401
415.3852234;0.01377580315
415.4980469;0.0147649087
415.6108398;0.01347477082
415.7236633;0.01439936925
415.8364868;0.01495842915
415.9493103;0.0169581417
416.0621338;0.01736668497
416.1749878;0.01661410555
416.2878113;0.01921588369
416.4006653;0.0184633024
416.5135193;0.02104357816
416.6263733;0.01960292459
416.7392578;0.02044151351
416.8521118;0.02263474837
416.9649963;0.02203268372
417.0778809;0.02424741909
417.1907654;0.0263116397
417.3036499;0.02624713257
417.4165649;0.02611812018
417.5294495;0.02734375
417.6423645;0.02646215633
417.7552795;0.03140768409
417.8681946;0.02912843972
417.9811096;0.03302035481
418.0940552;0.0310421437
418.2069702;0.03555762768
418.3199158;0.03532110155
418.4328613;0.03377293423
418.5458069;0.03917001188
418.658783;0.04116972536
418.7717285;0.04237385467
418.8847046;0.04355647787
418.9976807;0.04566370323
419.1106567;0.04871702939
419.2236328;0.04957712069
419.3366089;0.05501720309
419.4496155;0.05370556191
419.5626221;0.05654386431
419.6756287;0.05602781102
419.7886353;0.0614678897
419.9016418;0.06032826751
420.0146484;0.06591886282
420.1276855;0.06864965707
420.2407227;0.06983228028
420.3537598;0.07305762917
420.4667969;0.07365968823
420.579834;0.07890625298
420.6929016;0.07922878116
420.8059387;0.0823251158
420.9190063;0.09006594121
421.032074;0.09187213331
421.1451416;0.09380733967
421.2582397;0.09739822149
421.3713074;0.1055690944
421.4844055;0.1059346348
421.5975037;0.1132239103
421.7106018;0.1158256903
421.8237;0.1179329157
421.9368286;0.127780959
422.0499268;0.1314148456
422.1630554;0.1327049881
422.2761841;0.1386826187
422.3893127;0.1423165202
422.5024414;0.1532396823
422.6155701;0.1490897387
422.7287292;0.1630662233
422.8418884;0.1651089489
422.9550476;0.1732368171
423.0682068;0.1763976514
423.181366;0.1801390499
423.2945557;0.1844395101
423.4077148;0.1873208135
423.5209045;0.1992115825
423.6340942;0.2027594596
423.7472839;0.2088876218
423.8605042;0.2161553949
423.9736938;0.221186921
424.0869141;0.2253798693
424.2001343;0.2274655998
424.3133545;0.243312791
424.4265747;0.2411840558
424.5397949;0.2446889281
424.6530457;0.2470541894
424.7662659;0.2570957541
424.8795166;0.2582998872
424.9927673;0.2579988539
425.1060181;0.2631593943
425.2192993;0.2634174228
425.33255;0.2716528177
425.4458313;0.2686424851
425.5591125;0.2744911015
425.6723938;0.2778239548
425.785675;0.2774369121
425.8989868;0.2762973011
426.0122681;0.2802752256
426.1255798;0.2811568379
426.2388916;0.2768778801
426.3522034;0.2823179364
426.4655151;0.2747276425
426.5788574;0.273265481
426.6921692;0.2742760777
426.8055115;0.2741470635
426.9188538;0.2730074525
427.032196;0.2732869983
427.1455383;0.2685564756
427.2589111;0.2675028741
427.3722534;0.2623853087
427.4856262;0.2559991479
427.598999;0.2564722002
427.7123718;0.2541929483
427.8257751;0.2484303266
427.9391479;0.2482153028
428.0525513;0.2418291271
428.1659546;0.2427752316
428.2793274;0.2387112975
428.3927612;0.2360020131
428.5061646;0.2351204157
428.6195679;0.2298308462
428.7330017;0.2228426039
428.8464355;0.2226490825
428.9598694;0.2174240202
429.0733032;0.2111453563
429.1867371;0.2117259204
429.3002014;0.2060493082
429.4136658;0.2036625594
429.5270996;0.1992760897
429.640564;0.1978999376
429.7540588;0.1944380701
429.8675232;0.1886324584
429.9809875;0.1867402494
430.0944824;0.1856651306
430.2079773;0.1816227138
430.3214722;0.1782898456
430.434967;0.1757525802
430.5484924;0.1704200059
430.6619873;0.1718606651
430.7755127;0.1669581383
430.8890381;0.1649369299
431.0025635;0.1605289578
431.1160889;0.1617545933
431.2296143;0.1576906592
431.3431702;0.1536697298
431.4566956;0.150250867
431.5702515;0.1464664638
431.6838074;0.1517990232
431.7973633;0.142531544
431.9109497;0.1421229988
432.0245056;0.139155671
432.138092;0.1385106146
432.2516785;0.1365969032
432.3652649;0.137672022
432.4788513;0.133328557
432.5924377;0.1313718408
432.7060547;0.1285765469
432.8196716;0.1305762678
432.9332886;0.1275444329
433.0469055;0.1221903637
433.1605225;0.121781826
433.2741394;0.1293291301
433.3877869;0.1230289564
433.5014038;0.1203196645
433.6150513;0.1211797595
433.7286987;0.1198036149
433.8423462;0.1183414534
433.9560242;0.1179544181
434.0696716;0.116148226
434.1833496;0.1124498248
434.2970276;0.1093319952
434.4107056;0.1135034412
434.5243835;0.1108156517
434.638092;0.110063076
434.75177;0.111116685
434.8654785;0.1095685214
434.979187;0.1069667414
435.0928955;0.1086224169
435.206604;0.1034403667
435.3203125;0.1052680612
435.4340515;0.1073537841
435.54776;0.1046444923
435.661499;0.1025802717
435.775238;0.1052465588
435.8889771;0.1048810184
436.0027466;0.1022147387
436.1164856;0.1006880701
436.2302551;0.1004085466
436.3440247;0.1009460986
436.4577942;0.09827981889
436.5715637;0.0984518379
436.6853333;0.09640911967
436.7991333;0.09982798249
436.9129028;0.09922591597
437.0267029;0.09827981889
437.1405029;0.0968606621
437.254303;0.0957640484
437.3681335;0.09941943735
437.4819336;0.09492545575
437.5957642;0.09318377078
437.7095947;0.09342029691
437.8234253;0.09367832541
437.9372559;0.09572104365
438.0510864;0.0923236832
438.164917;0.09374283254
438.2787781;0.09189363569
438.3926392;0.09146358818
438.5065002;0.09191513807
438.6203613;0.08944237232
438.7342224;0.08896932006
438.848114;0.08873280138
438.9619751;0.09258171171
439.0758667;0.08841026574
439.1897583;0.09234518558
439.3036499;0.08834575862
439.4175415;0.08856078237
439.5314636;0.08761467785
439.6453552;0.08841026574
439.7592773;0.0849698931
439.8731995;0.08823824674
439.9871216;0.09148509055
440.1010437;0.08688360453
440.2149963;0.08634604514
440.3289185;0.08841026574
440.4428711;0.08262614906
440.5568237;0.08724913746
440.6707764;0.08473337442
440.784729;0.0858514905
440.8986816;0.08408830315
441.0126648;0.08428182453
441.1266479;0.08755017072
441.2406311;0.08580848575
441.3546143;0.0805189237
441.4685974;0.08357224613
441.5825806;0.08499139547
441.6965942;0.08389478177
441.8105774;0.08189506829
441.9245911;0.08507740498
442.0386047;0.07987385243
442.1526184;0.08391628414
442.2666626;0.08047591895
442.3806763;0.07974483818
442.4947205;0.07918577641
442.6087341;0.07813216746
442.7227783;0.07991685718
442.8368225;0.08036840707
442.9508972;0.07830418646
443.0649414;0.07905676961
443.1790161;0.07823967934
443.2930908;0.07630447298
443.407135;0.07421875
443.5212402;0.07533686608
443.6353149;0.074390769
443.7493896;0.07643348724
443.8634949;0.07411123812
443.9775696;0.07428325713
444.0916748;0.07256307453
444.20578;0.07507884502
444.3199158;0.07256307453
444.434021;0.07226204127
444.5481262;0.07021932304
444.662262;0.07172448188
444.7763977;0.06759604067
444.8905334;0.06914421171
445.0046692;0.06544581056
445.1188049;0.06944523752
445.2329712;0.06368262321
445.3471375;0.06927322596
445.4612732;0.06671445072
445.5754395;0.06340309978
445.6896057;0.06224197149
445.8038025;0.06312356889
445.9179688;0.06176892295
446.0321655;0.06185493246
446.1463623;0.06131737307
446.2605286;0.06101634353
446.3747559;0.06050028652
446.4889526;0.05903813243
446.6031494;0.05878010392
446.7173767;0.05733944848
446.8315735;0.0562858358
446.9458008;0.05845756829
447.0600281;0.05471616983
447.1742554;0.05377006903
447.2885132;0.05450114608
447.4027405;0.0525014326
447.5169983;0.05450114608
447.6312561;0.05286697298
447.7455139;0.04936209694
447.8597717;0.05140481517
447.9740295;0.04919008166
448.0883179;0.04682482779
448.2025757;0.04744839296
448.316864;0.04867402464
448.4311523;0.04514764994
448.5454407;0.04577121511
448.659729;0.04271788895
448.7740479;0.0469968468
448.8883362;0.04316943884
449.002655;0.04372849688
449.1169739;0.04018061981
449.2312927;0.04200831428
449.3456116;0.03927752376
449.4599304;0.03635321185
449.5742798;0.03678325564
449.6885986;0.03555762768
449.802948;0.03643922135
449.9172974;0.03712729365
450.0316467;0.03519208729
450.1460266;0.03480504453
450.260376;0.0356221348
450.3747559;0.03377293423
450.4891052;0.03162270784
450.6034851;0.03332138807
450.717865;0.03200974688
450.8322754;0.02975200675
450.9466553;0.02968749963
451.0610352;0.03162270784
451.1754456;0.02783830278
451.289856;0.0282898508
451.4042664;0.02745126188
451.5186768;0.0272577405
451.6330872;0.02644065395
451.7475281;0.02785980515
451.861969;0.02540854365
451.9763794;0.02635464445
452.0908203;0.02416141145
452.2052612;0.02482798137
452.3197327;0.02521502227
452.4341736;0.02508600987
452.548645;0.02343033254
452.6630859;0.0231723059
452.7775574;0.02431192622
452.8920288;0.02183916233
453.0065002;0.02272075601
453.1210022;0.02441943809
453.2354736;0.02048451826
453.3499756;0.02205418609
453.4644775;0.01912987418
453.5789795;0.02291427739
453.6934814;0.01923738606
453.8079834;0.01981794648
453.9224854;0.02014048211
454.0370178;0.01908686943
454.1515503;0.01725917496
454.2660522;0.01867832616
454.3806152;0.01833428815
454.4951477;0.01672161743
454.6096802;0.01558199525
454.7242432;0.01783973537
454.8387756;0.01811926626
454.9533386;0.01697964408
455.0679016;0.01670011505
455.1824646;0.01564650238
455.2970276;0.01700114645
455.4116211;0.01642058417
455.5261841;0.0154744843
455.6407776;0.01691513695
455.7553711;0.01319524087
455.8699646;0.0138833141
455.9845581;0.01493692677
456.0991516;0.01624856703
456.2137756;0.01394782122
456.3283997;0.0153884748
456.4429932;0.01407683454
456.5576172;0.0150014339
456.6722412;0.01399082597
456.7868958;0.01334575657
456.9015198;0.01489392202
457.0161743;0.01343176607
457.1307983;0.01409833692
457.2454529;0.01330275275
457.3601074;0.01272219047
457.474762;0.01242115814
457.589447;0.01323824562
457.7041016;0.01106651407
457.8187866;0.01130303927
457.9334717;0.01304472517
458.0481567;0.01110951789
458.1628418;0.01141055021
458.2775269;0.01201261487
458.3922119;0.01194810774
458.5069275;0.01151806209
458.6216431;0.01164707541
458.7363281;0.01141055021
458.8510437;0.01024942659
458.9657898;0.01009891089
459.0805054;0.01156106684
459.1952209;0.01089449506
459.309967;0.01074397936
459.4247131;0.009475343861
459.5394592;0.01117402501
459.6542053;0.009926891886
459.7689514;0.008292717859
459.8836975;0.01070097461
459.9984741;0.01104501169
460.1132202;0.008228210732
460.2279968;0.01106651407
460.3427734;0.01076548174
460.45755;0.01044294704
460.5723572;0.01024942659
460.6871338;0.01029243134
460.8019104;0.009152810089
460.9167175;0.00923881866
461.0315247;0.01072247699
461.1463318;0.008185205981
461.2611389;0.01020642184
461.3759766;0.009023795836
461.4907837;0.007626147009
461.6056213;0.007389621343
461.7204285;0.007884174585
461.8352661;0.008228210732
461.9501038;0.008593750186
462.0649719;0.007411123719
462.1798096;0.007583142258
462.2946777;0.008034690283
462.4095154;0.007712156046
462.5243835;0.005604931153
462.6392517;0.009217316285
462.7541199;0.007368119434
462.868988;0.008421732113
462.9838867;0.007174598519
463.0987549;0.007755160332
463.2136536;0.007196100894
463.3285522;0.008056192659
463.4434509;0.007088589482
463.5583496;0.008271215484
463.6732483;0.007583142258
463.7881775;0.007776662707
463.9030762;0.006465022918
464.0180054;0.006830561906
464.1329346;0.006293004379
464.2478638;0.008185205981
464.362793;0.00657253433
464.4777527;0.007583142258
464.5926819;0.005217889789
464.7076416;0.007024082355
464.8226013;0.005475917365
464.937561;0.00657253433
465.0525208;0.007669151295
465.1674805;0.006594036706
465.2824402;0.004723337013
465.3974304;0.006185492966
465.5124207;0.005153383128
465.6273804;0.006615539081
465.7423706;0.005497419741
465.8573608;0.007411123719
465.9723816;0.004959862214
466.0873718;0.005604931153
466.2023926;0.004443807527
466.3173828;0.00786267221
466.4324036;0.005196387414
466.5474243;0.004615825601
466.6624756;0.005389908329
466.7774963;0.007647648919
466.8925171;0.00721760327
467.0075684;0.006551031955
467.1226196;0.006594036706
467.2376709;0.004744839389
467.3527222;0.004572821315
467.4677734;0.006594036706
467.5828247;0.003390194848
467.6979065;0.006250000093
467.8129578;0.00478784414
467.9280396;0.00569094019
468.0431213;0.005733944941
468.1582031;0.006529530045
468.2732849;0.003239678917
468.3883972;0.006594036706
468.503479;0.002637614729
468.6185913;0.004680332728
468.7336731;0.004078268539
468.8487854;0.005131880753
468.9639282;0.005325401202
469.0790405;0.005325401202
469.1941528;0.003755733836
469.3092957;0.00502436934
469.424408;0.002272075741
469.5395508;0.005282396916
469.6546936;0.004830848426
469.7698364;0.005540424492
469.8849792;0.00390625
470.0001526;0.005303899292
470.1152954;0.004572821315
470.2304688;0.003927752376
470.3456421;0.004013761412
470.4608154;0.005196387414
470.5759888;0.003992259037
470.6911621;0.004508314189
470.806366;0.004357798025
470.9215393;0.00382024073
471.0367432;0.004529816564
471.151947;0.005196387414
471.2671509;0.004185779952
471.3823547;0.004379300401
471.4975586;0.002487098565
471.612793;0.005948967766
471.7279968;0.005217889789
471.8432312;0.00545441499
471.9584656;0.003153669648
472.0737;0.005110378377
472.1889343;0.001497993129
472.3041687;0.002981651342
472.4194336;0.004615825601
472.534668;0.004357798025
472.6499329;0.003755733836
472.7651978;0.002530103317
472.8804626;0.003282683436
472.9957275;0.005561926402
473.1109924;0.002895642305
473.2262878;0.003648222424
473.3415527;0.004873853177
473.4568481;0.005325401202
473.5721436;0.002508600941
473.687439;0.005970470142
473.8027344;0.003712729318
473.9180298;0.004486811813
474.0333557;0.005067373626
474.1486511;0.002637614729
474.2639771;0.00334719033
474.379303;0.004701834638
474.4946289;0.00358371553
474.6099548;0.003433199599
474.7253113;0.001003440353
474.8406372;0.003218176542
474.9559937;0.003411697224
475.0713196;0.004121272825
475.186676;0.004486811813
475.3020325;0.002745126141
475.4173889;0.00358371553
475.5327759;0.004164277576
475.6481323;0.004035263788
475.7635193;0.002186066471
475.8788757;0.00545441499
475.9942627;0.005755447317
476.1096497;0.003411697224
476.2250366;0.003949254751
476.3404541;0.002981651342
476.4558411;0.005110378377
476.5712585;0.003282683436
476.6866455;0.003476204118
476.802063;0.002895642305
476.9174805;0.003476204118
477.0328979;0.004185779952
477.1483459;0.003067660611
477.2637634;0.002895642305
477.3792114;0.003282683436
477.4946289;0.003519208636
477.6100769;0.003411697224
477.7255249;0.00334719033
477.8409729;0.00358371553
477.9564514;0.0004873853177
478.0718994;0.002680619247
478.1873779;0.00147649087
478.3028259;0.004486811813
478.4183044;0.001562500023
478.533783;0.001411983976
478.6492615;0.001928039012
478.76474;0.002100057434
478.880249;0.002078555059
478.9957275;0.004314793739
479.1112366;0.001261467929
479.2267456;0.004099770449
479.3422546;0.002981651342
479.4577637;0.004723337013
479.5732727;0.003110665129
479.6887817;0.004938360304
479.8043213;0.002229070989
479.9198608;0.003153669648
480.0353699;0.003712729318
480.1509094;0.005561926402
480.266449;0.001239965553
480.382019;0.002852637554
480.4975586;0.002702121623
480.6130981;0.00203555054
480.7286682;0.00382024073
480.8442383;0.002637614729
480.9598083;0.003304185811
481.0753784;0.002981651342
481.1909485;0.003003153717
481.3065186;0.002616112353
481.4221191;0.003841743106
481.5376892;0.003927752376
481.6532898;0.001971043646
481.7688904;0.004293291364
481.884491;0.004078268539
482.0000916;0.004271788988
482.1156921;0.003153669648
482.2313232;0.002272075741
482.3469238;0.003046158236
482.4625549;0.004809346516
482.578186;0.0009604357765
482.6938171;0.004723337013
482.8094482;0.002315080259
482.9250793;0.002250573365
483.040741;0.003089162754
483.1563721;0.0041427752
483.2720337;0.002422591671
483.3876953;0.002831135411
483.5033569;0.002401089529
483.6190186;0.001885034377
483.7346802;0.002680619247
483.8503418;0.003734231694
483.9660339;0.00203555054
484.0816956;0.001777522964
484.1973877;0.004336295649
484.3130798;0.005045871716
484.428772;0.002508600941
484.5444641;0.003863245482
484.6601868;0.002530103317
484.7758789;0.005518922117
484.8916016;0.003067660611
485.0072937;0.003304185811
485.1230164;0.002680619247
485.238739;0.002551605459
485.3544617;0.002895642305
485.4702148;0.003175172023
485.5859375;0.002831135411
485.7016907;0.004594323225
485.8174133;0.003046158236
485.9331665;0.004336295649
486.0489197;0.001562500023
486.1646729;0.003648222424
486.280426;0.003712729318
486.3962097;0.002229070989
486.5119629;0.002831135411
486.6277466;0.002594609978
486.7435303;0.003132167505
486.859314;0.005432912614
486.9750977;0.0036697248
487.0908813;0.002895642305
487.206665;0.003519208636
487.3224792;0.003067660611
487.4382629;0.003175172023
487.5540771;0.004830848426
487.6698914;0.003390194848
487.7857056;0.003648222424
487.9015198;0.002809633035
488.017334;0.003927752376
488.1331787;0.002723623766
488.2489929;0.002981651342
488.3648376;0.004185779952
488.4806519;0.004164277576
488.5964966;0.002444094047
488.7123413;0.005153383128
488.8282166;0.004680332728
488.9440613;0.003153669648
489.0599365;0.004594323225
489.1757813;0.003841743106
489.2916565;0.002164564328
489.4075317;0.002809633035
489.523407;0.002422591671
489.6392822;0.004572821315
489.7551575;0.002809633035
489.8710632;0.004637327977
489.9869385;0.002444094047
490.1028442;0.002530103317
490.21875;0.001670011436
490.3346558;0.002702121623
490.4505615;0.005647935905
490.5664673;0.002272075741
490.682373;0.003626720281
490.7983093;0.003067660611
490.9142151;0.005131880753
491.0301514;0.004250286613
491.1460876;0.00358371553
491.2620239;0.004508314189
491.3779602;0.004121272825
491.4938965;0.003003153717
491.6098633;0.0041427752
491.7257996;0.003304185811
491.8417664;0.00592746539
491.9577332;0.003368692705
492.0737;0.005067373626
492.1896667;0.004013761412
492.3056335;0.005045871716
492.4216003;0.00382024073
492.5375977;0.003433199599
492.6535645;0.005153383128
492.7695618;0.005153383128
492.8855591;0.003863245482
493.0015564;0.004508314189
493.1175537;0.003368692705
493.233551;0.005002866965
493.3495789;0.004164277576
493.4655762;0.004680332728
493.581604;0.00478784414
493.6976318;0.005368405953
493.8136597;0.002637614729
493.9296875;0.003734231694
494.0457153;0.00302465586
494.1617432;0.004422305152
494.2778015;0.002465596423
494.3938293;0.004809346516
494.5098877;0.003798738588
494.625946;0.005174885504
494.7420044;0.005303899292
494.8580627;0.004228784237
494.9741211;0.003304185811
495.09021;0.004099770449
495.2062683;0.003648222424
495.3223572;0.003734231694
495.438446;0.002981651342
495.5545044;0.005733944941
495.6705933;0.004400802776
495.7867126;0.003476204118
495.9028015;0.00278813066
496.0188904;0.003734231694
496.1350098;0.004121272825
496.2511292;0.004809346516
496.367218;0.001454988495
496.4833374;0.004916857928
496.5994568;0.004701834638
496.7156067;0.005604931153
496.8317261;0.003132167505
496.9478455;0.003949254751
497.0639954;0.005389908329
497.1801453;0.004852350801
497.2962646;0.005196387414
497.4124146;0.004035263788
497.528595;0.003755733836
497.6447449;0.004400802776
497.7608948;0.004228784237
497.8770752;0.004615825601
497.9932251;0.003282683436
498.1094055;0.005325401202
498.2255859;0.004529816564
498.3417664;0.005088876002
498.4579468;0.002938646823
498.5741272;0.006013474893
498.6903381;0.003089162754
498.8065186;0.006379013881
498.9227295;0.002594609978
499.0389404;0.005733944941
499.1551514;0.004938360304
499.2713623;0.005540424492
499.3875732;0.004336295649
499.5037842;0.004207282327
499.6200256;0.004615825601
499.7362366;0.004895355552
499.852478;0.004013761412
499.9687195;0.003132167505
500.0849609;0.004164277576
500.2012024;0.004723337013
500.3174438;0.003841743106
500.4336853;0.006314506754
500.5499573;0.003605217906
500.6661987;0.004529816564
500.7824707;0.003497706493
500.8987427;0.0041427752
501.0150146;0.003390194848
501.1312866;0.00592746539
501.2475586;0.004357798025
501.3638306;0.004637327977
501.4801331;0.003949254751
501.596405;0.005088876002
501.7127075;0.004443807527
501.82901;0.005411410704
501.9453125;0.003648222424
502.061615;0.005884461105
502.1779175;0.002508600941
502.2942505;0.004164277576
502.410553;0.006615539081
502.526886;0.004873853177
502.643219;0.004379300401
502.7595215;0.003884747624
502.8758545;0.004314793739
502.992218;0.003239678917
503.108551;0.004486811813
503.224884;0.004336295649
503.3412476;0.004766341764
503.4575806;0.004164277576
503.5739441;0.004336295649
503.6903076;0.004185779952
503.8066711;0.004336295649
503.9230347;0.004938360304
504.0393982;0.003476204118
504.1557922;0.004680332728
504.2721558;0.004250286613
504.3885498;0.005647935905
504.5049438;0.005733944941
504.6213074;0.005196387414
504.7377014;0.002680619247
504.854126;0.00455131894
504.97052;0.003992259037
505.0869141;0.005561926402
505.2033386;0.004443807527
505.3197327;0.004465309437
505.4361572;0.006185492966
505.5525818;0.004271788988
505.6690063;0.003390194848
505.7854309;0.003648222424
505.9018555;0.004013761412
506.0183105;0.004572821315
506.1347351;0.005389908329
506.2511902;0.005002866965
506.3676453;0.004443807527
506.4841003;0.00566943828
506.6005554;0.003884747624
506.7170105;0.004250286613
506.8334656;0.004056766164
506.9499207;0.004013761412
507.0664063;0.004121272825
507.1828918;0.006766055245
507.2993469;0.003476204118
507.4158325;0.004250286613
507.5323181;0.005067373626
507.6488037;0.005110378377
507.7653198;0.004766341764
507.8818054;0.005884461105
507.9983215;0.004916857928
508.1148071;0.00633600913
508.2313232;0.003325688187
508.3478394;0.004293291364
508.4643555;0.004443807527
508.5808716;0.004443807527
508.6973877;0.006357511505
508.8139038;0.00358371553
508.9304504;0.003605217906
509.0469971;0.005518922117
509.1635132;0.004766341764
509.2800598;0.00382024073
509.3966064;0.003454701742
509.5131531;0.005561926402
509.6296997;0.004938360304
509.7462769;0.004013761412
509.8628235;0.003261181293
509.9794006;0.004594323225
510.0959778;0.005217889789
510.2125244;0.005432912614
510.3291016;0.004916857928
510.4456787;0.005110378377
510.5622864;0.004508314189
510.6788635;0.004873853177
510.7954407;0.004701834638
510.9120483;0.006379013881
511.028656;0.004035263788
511.1452637;0.007153096143
511.2618408;0.002917144448
511.3784485;0.005970470142
511.4950867;0.00566943828
511.6116943;0.004680332728
511.728302;0.004680332728
511.8449402;0.005389908329
511.9615784;0.002229070989
512.078186;0.006293004379
512.1948242;0.00478784414
512.3114624;0.006077981554
512.4281006;0.004766341764
512.5447388;0.005776949693
512.661438;0.004916857928
512.7780762;0.00569094019
512.8947144;0.002315080259
513.0114136;0.004422305152
513.1280518;0.005475917365
513.2446899;0.005174885504
513.3613892;0.003884747624
513.4780884;0.004938360304
513.5947266;0.003648222424
513.7114258;0.005346903577
513.828125;0.005712442566
513.9448242;0.005991972517
514.0615234;0.003927752376
514.1782227;0.005325401202
514.2949219;0.003261181293
514.4116211;0.004701834638
514.5283203;0.005776949693
514.6450195;0.008378727362
514.7617188;0.004357798025
514.878479;0.00566943828
514.9951782;0.005819953978
515.1119385;0.004121272825
515.2286377;0.005002866965
515.3453979;0.005604931153
515.4620972;0.00545441499
515.5788574;0.004271788988
515.6956177;0.004873853177
515.8123779;0.006357511505
515.9290771;0.006744552869
516.0458374;0.006206995342
516.1625977;0.005067373626
516.2793579;0.003003153717
516.3961792;0.003411697224
516.5129395;0.005196387414
516.6296997;0.004099770449
516.74646;0.006314506754
516.8632813;0.004701834638
516.9800415;0.004529816564
517.0968628;0.004615825601
517.213623;0.006551031955
517.3304443;0.007002580445
517.4472046;0.00592746539
517.5640259;0.003132167505
517.6808472;0.003626720281
517.7976685;0.005196387414
517.9144287;0.005411410704
518.03125;0.005045871716
518.1480713;0.006379013881
518.2648926;0.004529816564
518.3817749;0.003497706493
518.4985962;0.004465309437
518.6154175;0.004529816564
518.7322388;0.004680332728
518.8491211;0.005819953978
518.9659424;0.004615825601
519.0828247;0.008228210732
519.199646;0.003153669648
519.3165283;0.006959575694
519.4333496;0.006163991056
519.5502319;0.007174598519
519.6671143;0.005153383128
519.7839966;0.004164277576
519.9008789;0.006658543367
520.0177002;0.006142488681
520.1345825;0.005712442566
520.2515259;0.005647935905
520.3684082;0.008507740684
520.4852905;0.003433199599
520.6021729;0.004959862214
520.7190552;0.004056766164
520.8359985;0.004959862214
520.9528809;0.003476204118
521.0698242;0.005561926402
521.1867065;0.003949254751
521.3036499;0.004959862214
521.4205322;0.004314793739
521.5374756;0.006142488681
521.6544189;0.002960149199
521.7713623;0.005346903577
521.8882446;0.006744552869
522.005188;0.005561926402
522.1221313;0.005346903577
522.2390747;0.004658830352
522.3560791;0.005174885504
522.4730225;0.007389621343
522.5899658;0.005002866965
522.7069092;0.003734231694
522.8238525;0.005561926402
522.9408569;0.007884174585
523.0578003;0.003089162754
523.1748047;0.005733944941
523.291748;0.005518922117
523.4087524;0.006185492966
523.5257568;0.004701834638
523.6427002;0.01048595179
523.7597046;0.003003153717
523.876709;0.004099770449
523.9937134;0.004121272825
524.1107178;0.006056479178
524.2277222;0.003648222424
524.3447266;0.007540137507
524.461731;0.005110378377
524.5787354;0.006594036706
524.6958008;0.005432912614
524.8128052;0.006400516257
524.9298096;0.005540424492
525.046875;0.004938360304
525.1638794;0.003540711012
525.2809448;0.003196674399
525.3979492;0.004572821315
525.5150146;0.006314506754
525.6320801;0.004314793739
525.7490845;0.005561926402
525.8661499;0.003089162754
525.9832153;0.005088876002
526.1002808;0.005970470142
526.2173462;0.004981364589
526.3344116;0.003927752376
526.4514771;0.00478784414
526.5685425;0.00478784414
526.6856689;0.006701548118
526.8027344;0.005174885504
526.9197998;0.004056766164
527.0369263;0.004207282327
527.1539917;0.005862958729
527.2711182;0.005174885504
527.3881836;0.005884461105
527.5053101;0.003218176542
527.6223755;0.004056766164
527.739502;0.005841456354
527.8566284;0.006142488681
527.9737549;0.004422305152
528.0908813;0.004959862214
528.2080078;0.005948967766
528.3251343;0.004314793739
528.4422607;0.004228784237
528.5593872;0.00390625
528.6765137;0.005346903577
528.7936401;0.004744839389
528.9107666;0.005540424492
529.0279541;0.004099770449
529.1450806;0.004443807527
529.2622681;0.007024082355
529.3793945;0.007282109931
529.496582;0.00382024073
529.6137085;0.005647935905
529.730896;0.004099770449
529.8480835;0.005626433529
529.965271;0.007583142258
530.0823975;0.005346903577
530.199585;0.005067373626
530.3167725;0.004572821315
530.43396;0.004250286613
530.5511475;0.005626433529
530.668335;0.004422305152
530.7855835;0.003734231694
530.902771;0.005368405953
531.0199585;0.004185779952
531.137146;0.004529816564
531.2543945;0.005540424492
531.371582;0.005346903577
531.4888306;0.00545441499
531.6060181;0.005862958729
531.7232666;0.003411697224
531.8405151;0.005712442566
531.9577026;0.002809633035
532.0749512;0.004852350801
532.1921997;0.005497419741
532.3094482;0.005841456354
532.4266968;0.004185779952
532.5439453;0.005153383128
532.6611938;0.003648222424
532.7784424;0.005540424492
532.8956909;0.00502436934
533.0129395;0.006120986305
533.130249;0.005217889789
533.2474976;0.004852350801
533.3647461;0.004078268539
533.4820557;0.005776949693
533.5993042;0.001928039012
533.7166138;0.00590596348
533.8339233;0.003884747624
533.9511719;0.005411410704
534.0684814;0.004164277576
534.185791;0.005239392165
534.3030396;0.005153383128
534.4203491;0.005776949693
534.5376587;0.005970470142
534.6549683;0.00566943828
534.7722778;0.003433199599
534.8895874;0.004465309437
535.006958;0.006120986305
535.1242676;0.007110091858
535.2415771;0.003282683436
535.3588867;0.005583428778
535.4762573;0.004701834638
535.5935669;0.007196100894
535.7109375;0.004357798025
535.8282471;0.005776949693
535.9456177;0.004981364589
536.0629272;0.007669151295
536.1802979;0.004809346516
536.2976685;0.005002866965
536.4150391;0.004056766164
536.5323486;0.005497419741
536.6497192;0.004443807527
536.7670898;0.005067373626
536.8844604;0.004013761412
537.0018311;0.004873853177
537.1192017;0.004056766164
537.2366333;0.002852637554
537.3540039;0.003691227175
537.4713745;0.005475917365
537.5887451;0.004056766164
537.7061768;0.004099770449
537.8235474;0.005475917365
537.940979;0.005174885504
538.0583496;0.004766341764
538.1757813;0.0041427752
538.2932129;0.003368692705
538.4105835;0.005411410704
538.5280151;0.003282683436
538.6454468;0.004529816564
538.7628784;0.003325688187
538.8803101;0.00478784414
538.9977417;0.004314793739
539.1151733;0.005540424492
539.232605;0.004486811813
539.3500366;0.004916857928
539.4674683;0.005518922117
539.5848999;0.005970470142
539.7023926;0.004013761412
539.8198242;0.005217889789
539.9372559;0.003196674399
540.0547485;0.005411410704
540.1721802;0.004658830352
540.2896729;0.006938073318
540.4071045;0.003755733836
540.5245972;0.004766341764
540.6420898;0.003777236212
540.7595825;0.005368405953
540.8770142;0.003884747624
540.9945068;0.005604931153
541.1119995;0.004830848426
541.2294922;0.004723337013
541.3469849;0.003433199599
541.4644775;0.004637327977
541.5819702;0.005282396916
541.6995239;0.00455131894
541.8170166;0.002637614729
541.9345093;0.003691227175
542.052002;0.005131880753
542.1695557;0.006637041457
542.2870483;0.003153669648
542.4046021;0.006701548118
542.5220947;0.00455131894
542.6396484;0.00566943828
542.7572021;0.004830848426
542.8746948;0.004228784237
542.9922485;0.001519495388
543.1098022;0.006529530045
543.227356;0.005303899292
543.3449097;0.005733944941
543.4624634;0.004830848426
543.5800171;0.004185779952
543.6975708;0.004228784237
543.8151245;0.003540711012
543.9326782;0.003691227175
544.0502319;0.005733944941
544.1677856;0.004164277576
544.2854004;0.005217889789
544.4029541;0.004271788988
544.5205688;0.004744839389
544.6381226;0.004959862214
544.7557373;0.005110378377
544.873291;0.003949254751
544.9909058;0.005411410704
545.1084595;0.00302465586
545.2260742;0.004766341764
545.343689;0.004637327977
545.4613037;0.005153383128
545.5789185;0.004379300401
545.6965332;0.004658830352
545.8141479;0.006271502469
545.9317627;0.007110091858
546.0493774;0.004594323225
546.1669922;0.003798738588
546.2846069;0.003884747624
546.4022217;0.005174885504
546.5198975;0.005432912614
546.6375122;0.005540424492
546.755127;0.003734231694
546.8728027;0.005841456354
546.9904175;0.005819953978
547.1080933;0.006357511505
547.225769;0.004078268539
547.3433838;0.005991972517
547.4610596;0.004250286613
547.5787354;0.00455131894
547.6963501;0.004895355552
547.8140259;0.004809346516
547.9317017;0.004185779952
548.0493774;0.005733944941
548.1670532;0.003992259037
548.284729;0.00609948393
548.4024048;0.004938360304
548.5201416;0.004658830352
548.6378174;0.005239392165
548.7554932;0.005389908329
548.8731689;0.00478784414
548.9909058;0.006056479178
549.1085815;0.003734231694
549.2263184;0.005325401202
549.3439941;0.003304185811
549.461731;0.00478784414
549.5794067;0.004615825601
549.6971436;0.005088876002
549.8148804;0.004465309437
549.9325562;0.003110665129
550.050293;0.006637041457
550.1680298;0.004443807527
550.2857666;0.004615825601
550.4035034;0.003390194848
550.5212402;0.005217889789
550.6389771;0.003089162754
550.7567139;0.005282396916
550.8744507;0.004486811813
550.9922485;0.005131880753
551.1099854;0.005432912614
551.2277222;0.005002866965
551.345459;0.004465309437
551.4632568;0.005067373626
551.5809937;0.003949254751
551.6987915;0.005583428778
551.8165283;0.004379300401
551.9343262;0.003949254751
552.052124;0.006250000093
552.1698608;0.005153383128
552.2876587;0.005411410704
552.4054565;0.004615825601
552.5232544;0.003712729318
552.6410522;0.004422305152
552.7588501;0.004723337013
552.8766479;0.004443807527
552.9944458;0.004895355552
553.1122437;0.00455131894
553.2300415;0.005389908329
553.3478394;0.005045871716
553.4656372;0.003863245482
553.5834961;0.003884747624
553.7012939;0.005776949693
553.8190918;0.002895642305
553.9369507;0.003626720281
554.0547485;0.007991685532
554.1726074;0.006034977268
554.2904663;0.005282396916
554.4082642;0.002723623766
554.526123;0.004572821315
554.6439819;0.004809346516
554.7617798;0.00545441499
554.8796387;0.004830848426
554.9974976;0.005475917365
555.1153564;0.002852637554
555.2332153;0.004895355552
555.3510742;0.003282683436
555.4689331;0.005196387414
555.586792;0.004809346516
555.7046509;0.005411410704
555.8225708;0.004250286613
555.9404297;0.005002866965
556.0582886;0.004508314189
556.1762085;0.004959862214
556.2940674;0.005497419741
556.4119263;0.005583428778
556.5298462;0.005626433529
556.6477661;0.005862958729
556.765625;0.006163991056
556.8835449;0.003841743106
557.0014648;0.005647935905
557.1193237;0.005088876002
557.2372437;0.004164277576
557.3551636;0.004357798025
557.4730835;0.002852637554
557.5910034;0.005088876002
557.7089233;0.005712442566
557.8268433;0.005647935905
557.9447632;0.004981364589
558.0626831;0.004357798025
558.180603;0.004207282327
558.2985229;0.006766055245
558.4165039;0.005282396916
558.5344238;0.004594323225
558.6523438;0.006163991056
558.7703247;0.006056479178
558.8882446;0.003454701742
559.0062256;0.006314506754
559.1241455;0.004465309437
559.2421265;0.004658830352
559.3601074;0.00633600913
559.4780273;0.004465309437
559.5960083;0.004658830352
559.7139893;0.004873853177
559.8319702;0.00455131894
559.9499512;0.004099770449
560.0679321;0.003196674399
560.1859131;0.003110665129
560.303894;0.004916857928
560.421875;0.003497706493
560.539856;0.004916857928
560.6578369;0.007174598519
560.7758179;0.00566943828
560.8937988;0.004701834638
561.0118408;0.004271788988
561.1298218;0.007497133221
561.2478638;0.003798738588
561.3658447;0.00478784414
561.4838867;0.005325401202
561.6018677;0.005239392165
561.7199097;0.003863245482
561.8378906;0.00390625
561.9559326;0.005540424492
562.0739746;0.00569094019
562.1920166;0.005862958729
562.3099976;0.005153383128
562.4280396;0.003798738588
562.5460815;0.005239392165
562.6641235;0.003863245482
562.7821655;0.004916857928
562.9002075;0.003970756661
563.0182495;0.006744552869
563.1363525;0.003626720281
563.2543945;0.005174885504
563.3724365;0.004895355552
563.4904785;0.006637041457
563.6085815;0.005346903577
563.7266235;0.005067373626
563.8446655;0.004336295649
563.9627686;0.004658830352
564.0808105;0.005088876002
564.1989136;0.004400802776
564.3170166;0.003927752376
564.4350586;0.004873853177
564.5531616;0.00657253433
564.6712646;0.005862958729
564.7893677;0.004508314189
564.9074097;0.00745412847
565.0255127;0.004895355552
565.1436157;0.005131880753
565.2617188;0.005798451602
565.3798218;0.004938360304
565.4979248;0.005862958729
565.6160278;0.006056479178
565.7341919;0.003712729318
565.8522949;0.005540424492
565.9703979;0.00502436934
566.088501;0.007002580445
566.206665;0.004185779952
566.3247681;0.005733944941
566.4429321;0.003089162754
566.5610352;0.006056479178
566.6791992;0.004164277576
566.7973022;0.004873853177
566.9154663;0.005325401202
567.0335693;0.005411410704
567.1517334;0.003196674399
567.2698975;0.007002580445
567.3880615;0.005647935905
567.5062256;0.004529816564
567.6243286;0.004400802776
567.7424927;0.005411410704
567.8606567;0.004443807527
567.9788208;0.00278813066
568.0969849;0.004357798025
568.21521;0.005260894541
568.333374;0.005712442566
568.4515381;0.007260608021
568.5697021;0.006443520542
568.6879272;0.005540424492
568.8060913;0.004766341764
568.9242554;0.005368405953
569.0424805;0.005626433529
569.1606445;0.004465309437
569.2788696;0.004809346516
569.3970337;0.006271502469
569.5152588;0.004357798025
569.6334229;0.006508027669
569.7516479;0.002766628517
569.869873;0.006250000093
569.9880981;0.005755447317
570.1063232;0.005196387414
570.2244873;0.004852350801
570.3427124;0.005561926402
570.4609375;0.006163991056
570.5791626;0.006443520542
570.6973877;0.004422305152
570.8156128;0.005239392165
570.9338989;0.003798738588
571.052124;0.007475630846
571.1703491;0.004443807527
571.2885742;0.005088876002
571.4068604;0.004959862214
571.5250854;0.00657253433
571.6433105;0.004572821315
571.7615967;0.004357798025
571.8798218;0.004314793739
571.9981079;0.004959862214
572.116333;0.00545441499
572.2346191;0.005411410704
572.3529053;0.005819953978
572.4711304;0.004185779952
572.5894165;0.004357798025
572.7077026;0.006658543367
572.8259888;0.005088876002
572.9442749;0.002723623766
573.062561;0.006873566657
573.1808472;0.003777236212
573.2991333;0.006508027669
573.4174194;0.006250000093
573.5357056;0.00566943828
573.6539917;0.005067373626
573.7722778;0.004013761412
573.890564;0.007067087106
574.0089111;0.004809346516
574.1271973;0.006938073318
574.2454834;0.005067373626
574.3638306;0.006077981554
574.4821167;0.005217889789
574.6004639;0.005088876002
574.71875;0.003648222424
574.8370972;0.005131880753
574.9553833;0.005497419741
575.0737305;0.004357798025
575.1920776;0.006056479178
575.3104248;0.006959575694
575.4287109;0.00302465586
575.5470581;0.006271502469
575.6654053;0.004293291364
575.7837524;0.005841456354
575.9020996;0.006379013881
576.0204468;0.007110091858
576.1387939;0.00592746539
576.2571411;0.006250000093
576.3754883;0.003605217906
576.4938354;0.004809346516
576.6122437;0.004615825601
576.7305908;0.006400516257
576.848938;0.005819953978
576.9673462;0.00478784414
577.0856934;0.00569094019
577.2040405;0.005819953978
577.3224487;0.004013761412
577.4407959;0.005196387414
577.5592041;0.004508314189
577.6775513;0.004938360304
577.7959595;0.004486811813
577.9143677;0.006701548118
578.0327759;0.00633600913
578.151123;0.008507740684
578.2695313;0.004099770449
578.3879395;0.005239392165
578.5063477;0.004852350801
578.6247559;0.00334719033
578.7431641;0.00455131894
578.8615723;0.004680332728
578.9799805;0.006551031955
579.0983887;0.004637327977
579.2167969;0.00478784414
579.3352051;0.00657253433
579.4536743;0.00569094019
579.5720825;0.005583428778
579.6904907;0.005153383128
579.80896;0.005884461105
579.9273682;0.005432912614
580.0457764;0.006852064282
580.1642456;0.005540424492
580.2826538;0.005217889789
580.401123;0.005884461105
580.5195923;0.00173451833
580.6380005;0.006120986305
580.7564697;0.005002866965
580.874939;0.00478784414
580.9933472;0.005153383128
581.1118164;0.006723050494
581.2302856;0.00455131894
581.3487549;0.007153096143
581.4672241;0.005647935905
581.5856934;0.006163991056
581.7041626;0.006206995342
581.8226318;0.00390625
581.9411011;0.004293291364
582.0595703;0.004465309437
582.1780396;0.00590596348
582.2965698;0.005411410704
582.4150391;0.006486525293
582.5335083;0.00633600913
582.6519775;0.005196387414
582.7705078;0.006250000093
582.8889771;0.004701834638
583.0075073;0.00502436934
583.1259766;0.003218176542
583.2445068;0.005561926402
583.3629761;0.006508027669
583.4815063;0.006077981554
583.6000366;0.005518922117
583.7185059;0.0036697248
583.8370361;0.004594323225
583.9555664;0.006314506754
584.0740967;0.003970756661
584.192627;0.006228497718
584.3111572;0.005239392165
584.4296875;0.004830848426
584.5482178;0.005217889789
584.666748;0.00390625
584.7852783;0.002809633035
584.9038086;0.00566943828
585.0223389;0.005626433529
585.1408691;0.005626433529
585.2593994;0.006077981554
585.3779907;0.00566943828
585.496521;0.004637327977
585.6150513;0.005819953978
585.7336426;0.004228784237
585.8521729;0.006077981554
585.9707642;0.004099770449
586.0892944;0.006206995342
586.2078857;0.0041427752
586.326416;0.004357798025
586.4450073;0.004615825601
586.5635986;0.003261181293
586.6821289;0.005798451602
586.8007202;0.005776949693
586.9193115;0.005088876002
587.0379028;0.00745412847
587.1564941;0.004938360304
587.2750854;0.005303899292
587.3936157;0.005346903577
587.512207;0.005626433529
587.6308594;0.005561926402
587.7494507;0.00569094019
587.868042;0.004701834638
587.9866333;0.006443520542
588.1052246;0.005626433529
588.2238159;0.007131594233
588.3424683;0.003927752376
588.4610596;0.004809346516
588.5796509;0.005583428778
588.6983032;0.004959862214
588.8168945;0.005583428778
588.9354858;0.005045871716
589.0541382;0.004443807527
589.1727905;0.006163991056
589.2913818;0.007497133221
589.4100342;0.006013474893
589.5286255;0.004594323225
589.6472778;0.007475630846
589.7659302;0.004013761412
589.8845825;0.004723337013
590.0031738;0.005970470142
590.1218262;0.005583428778
590.2404785;0.006400516257
590.3591309;0.004959862214
590.4777832;0.006228497718
590.5964355;0.005303899292
590.7150879;0.004379300401
590.8337402;0.006529530045
590.9523926;0.004938360304
591.071106;0.006443520542
591.1897583;0.003927752376
591.3084106;0.006142488681
591.427063;0.005088876002
591.5457764;0.007024082355
591.6644287;0.003798738588
591.7830811;0.004723337013
591.9017944;0.005088876002
592.0204468;0.005970470142
592.1391602;0.003648222424
592.2578125;0.004680332728
592.3765259;0.004465309437
592.4951782;0.006250000093
592.6138916;0.004744839389
592.732605;0.004013761412
592.8513184;0.005733944941
592.9699707;0.007497133221
593.0886841;0.003304185811
593.2073975;0.005970470142
593.3261108;0.003433199599
593.4448242;0.003949254751
593.5635376;0.003411697224
593.682251;0.005819953978
593.8009644;0.005647935905
593.9196777;0.005368405953
594.0383911;0.006465022918
594.1571045;0.004895355552
594.2758179;0.004938360304
594.3945923;0.004379300401
594.5133057;0.005561926402
594.632019;0.007411123719
594.7507935;0.00698107807
594.8695068;0.004723337013
594.9882202;0.00478784414
595.1069946;0.005045871716
595.225708;0.005647935905
595.3444824;0.005067373626
595.4631958;0.003325688187
595.5819702;0.004379300401
595.7007446;0.004056766164
595.819458;0.004465309437
595.9382324;0.004852350801
596.0570068;0.005389908329
596.1757813;0.003884747624
596.2944946;0.004056766164
596.413269;0.00545441499
596.5320435;0.004099770449
596.6508179;0.005540424492
596.7695923;0.005518922117
596.8883667;0.005196387414
597.0071411;0.00455131894
597.1259155;0.005325401202
597.2446899;0.006701548118
597.3635254;0.006357511505
597.4822998;0.005540424492
597.6010742;0.007024082355
597.7198486;0.004572821315
597.8386841;0.003992259037
597.9574585;0.00609948393
598.0762329;0.003712729318
598.1950684;0.00633600913
598.3138428;0.004013761412
598.4326782;0.006529530045
598.5514526;0.004529816564
598.6702881;0.007819667459
598.7890625;0.003261181293
598.9078979;0.00592746539
599.0267334;0.003712729318
599.1455078;0.005002866965
599.2643433;0.005110378377
599.3831787;0.007131594233
599.5020142;0.004443807527
599.6207886;0.006379013881
599.739624;0.004959862214
599.8584595;0.005260894541
599.9772949;0.00502436934
600.0961304;0.004121272825
600.2149658;0.004508314189
600.3338013;0.003927752376
600.4526367;0.004465309437
600.5715332;0.005067373626
600.6903687;0.004271788988
600.8092041;0.003132167505
600.9280396;0.006637041457
601.046936;0.006529530045
601.1657715;0.005346903577
601.2846069;0.005110378377
601.4035034;0.004379300401
601.5223389;0.005217889789
601.6411743;0.005819953978
601.7600708;0.003648222424
601.8789063;0.004594323225
601.9978027;0.004701834638
602.1166992;0.004529816564
602.2355347;0.004379300401
602.3544312;0.004916857928
602.4733276;0.00657253433
602.5921631;0.004701834638
602.7110596;0.005884461105
602.8299561;0.004594323225
602.9488525;0.004852350801
603.067749;0.003454701742
603.1866455;0.006120986305
603.305542;0.005131880753
603.4244385;0.005819953978
603.543335;0.002960149199
603.6622314;0.004508314189
603.7811279;0.005733944941
603.9000244;0.005110378377
604.0189209;0.004207282327
604.1378174;0.003755733836
604.2567749;0.004981364589
604.3756714;0.003884747624
604.4945679;0.003476204118
604.6134644;0.006529530045
604.7324219;0.004938360304
604.8513184;0.005712442566
604.9702759;0.004723337013
605.0891724;0.004981364589
605.2081299;0.002573107835
605.3270264;0.004400802776
605.4459839;0.005131880753
605.5648804;0.006034977268
605.6838379;0.005411410704
605.8027954;0.004615825601
605.9216919;0.004207282327
606.0406494;0.005153383128
606.1596069;0.00334719033
606.2785645;0.006551031955
606.397522;0.003368692705
606.5164795;0.00334719033
606.635437;0.003712729318
606.7543335;0.004830848426
606.873291;0.004938360304
606.9923096;0.007174598519
607.1112671;0.004959862214
607.2302246;0.005217889789
607.3491821;0.00358371553
607.4681396;0.004680332728
607.5870972;0.006443520542
607.7060547;0.006314506754
607.8250732;0.004809346516
607.9440308;0.004099770449
608.0629883;0.004336295649
608.1820068;0.004766341764
608.3009644;0.003454701742
608.4199829;0.004336295649
608.5389404;0.002637614729
608.6578979;0.005733944941
608.7769165;0.00390625
608.8959351;0.004164277576
609.0148926;0.005088876002
609.1339111;0.005153383128
609.2528687;0.004637327977
609.3718872;0.005260894541
609.4909058;0.004271788988
609.6099243;0.005497419741
609.7289429;0.005045871716
609.8479004;0.006701548118
609.9669189;0.004379300401
610.0859375;0.003433199599
610.2049561;0.005561926402
610.3239746;0.004981364589
610.4429932;0.005174885504
610.5620117;0.004701834638
610.6810303;0.005411410704
610.8000488;0.003282683436
610.9190674;0.005819953978
611.038147;0.005561926402
611.1571655;0.005948967766
611.2761841;0.003368692705
611.3952026;0.00502436934
611.5142822;0.005991972517
611.6333008;0.005432912614
611.7523193;0.005884461105
611.8713989;0.005647935905
611.9904175;0.00545441499
612.1094971;0.004594323225
612.2285156;0.006034977268
612.3475952;0.005303899292
612.4666138;0.003927752376
612.5856934;0.006142488681
612.7047119;0.004013761412
612.8237915;0.005260894541
612.9428711;0.005325401202
613.0618896;0.004078268539
613.1809692;0.004271788988
613.3000488;0.006723050494
613.4191284;0.005282396916
613.538208;0.004615825601
613.6572876;0.003196674399
613.7763062;0.004508314189
613.8953857;0.005884461105
614.0144653;0.003648222424
614.1335449;0.004164277576
614.2526245;0.004766341764
614.3717651;0.003497706493
614.4908447;0.005561926402
614.6099243;0.003777236212
614.7290039;0.00545441499
614.8480835;0.003196674399
614.9671631;0.006529530045
615.0863037;0.003282683436
615.2053833;0.005497419741
615.3244629;0.001584002282
615.4436035;0.004400802776
615.5626831;0.005411410704
615.6817627;0.004207282327
615.8009033;0.004056766164
615.9199829;0.004357798025
616.0391235;0.004508314189
616.1582642;0.003390194848
616.2773438;0.003433199599
616.3964844;0.004744839389
616.515564;0.003992259037
616.6347046;0.004013761412
616.7538452;0.005196387414
616.8729858;0.00455131894
616.9920654;0.004637327977
617.1112061;0.005045871716
617.2303467;0.004529816564
617.3494873;0.003196674399
617.4686279;0.00278813066
617.5877686;0.005239392165
617.7069092;0.002229070989
617.8260498;0.004422305152
617.9451904;0.003046158236
618.0643311;0.005217889789
618.1834717;0.003691227175
618.3026123;0.006357511505
618.4217529;0.004873853177
618.5408936;0.004164277576
618.6600342;0.004723337013
618.7792358;0.004766341764
618.8983765;0.004981364589
619.0175171;0.003992259037
619.1367188;0.005153383128
619.2558594;0.004938360304
619.375;0.005518922117
619.4942017;0.006508027669
619.6133423;0.004959862214
619.7325439;0.004250286613
619.8516846;0.00382024073
619.9708862;0.005991972517
620.0900269;0.002895642305
620.2092285;0.00478784414
620.3284302;0.004658830352
620.4475708;0.005239392165
620.5667725;0.005217889789
620.6859741;0.005303899292
620.8051147;0.002895642305
620.9243164;0.004529816564
621.0435181;0.004056766164
621.1627197;0.005002866965
621.2819214;0.003304185811
621.401123;0.005196387414
621.5203247;0.003562213387
621.6395264;0.004594323225
621.758728;0.003497706493
621.8779297;0.003282683436
621.9971313;0.003927752376
622.116333;0.003841743106
622.2355347;0.004121272825
622.3547363;0.00592746539
622.473938;0.003648222424
622.5931396;0.003175172023
622.7124023;0.003153669648
622.831604;0.004529816564
622.9508057;0.003777236212
623.0700684;0.00633600913
623.18927;0.003712729318
623.3084717;0.003110665129
623.4277344;0.002444094047
623.546936;0.005368405953
623.6661987;0.002981651342
623.7854004;0.005368405953
623.9046631;0.004916857928
624.0238647;0.004099770449
624.1431274;0.002938646823
624.2623901;0.004250286613
624.3815918;0.005088876002
624.5008545;0.003175172023
624.6201172;0.004680332728
624.7393188;0.005217889789
624.8585815;0.003755733836
624.9778442;0.004508314189
625.0971069;0.004078268539
625.2163696;0.004443807527
625.3355713;0.002444094047
625.454834;0.004830848426
625.5740967;0.004766341764
625.6933594;0.006551031955
625.8126221;0.004379300401
625.9318848;0.004400802776
626.0511475;0.003411697224
626.1704712;0.006422018167
626.2897339;0.004723337013
626.4089966;0.003089162754
626.5282593;0.003927752376
626.647522;0.003089162754
626.7667847;0.004271788988
626.8861084;0.002917144448
627.0053711;0.00390625
627.1246338;0.004228784237
627.2439575;0.004443807527
627.3632202;0.004680332728
627.4824829;0.005045871716
627.6018066;0.006163991056
627.7210693;0.002250573365
627.8403931;0.003734231694
627.9596558;0.002852637554
628.0789795;0.004809346516
628.1982422;0.002121559577
628.3175659;0.005561926402
628.4368896;0.00302465586
628.5561523;0.00545441499
628.6754761;0.003691227175
628.7947998;0.004422305152
628.9140625;0.004938360304
629.0333862;0.004508314189
629.15271;0.002358084777
629.2720337;0.004701834638
629.3913574;0.005045871716
629.5106812;0.003390194848
629.6299438;0.003970756661
629.7492676;0.003970756661
629.8685913;0.004099770449
629.987915;0.002981651342
630.1072388;0.002293577883
630.2265625;0.005991972517
630.3459473;0.004486811813
630.465271;0.005948967766
630.5845947;0.004701834638
630.7039185;0.004981364589
630.8232422;0.002014048165
630.9425659;0.004508314189
631.0619507;0.004228784237
631.1812744;0.003390194848
631.3005981;0.002315080259
631.4199219;0.003497706493
631.5393066;0.003992259037
631.6586304;0.003927752376
631.7780151;0.003497706493
631.8973389;0.002143061953
632.0166626;0.003605217906
632.1360474;0.00478784414
632.2553711;0.003970756661
632.3747559;0.004895355552
632.4941406;0.005088876002
632.6134644;0.004400802776
632.7328491;0.003089162754
632.8521729;0.003734231694
632.9715576;0.003841743106
633.0909424;0.004594323225
633.2103271;0.00302465586
633.3296509;0.00633600913
633.4490356;0.001949541271
633.5684204;0.005798451602
633.6878052;0.003519208636
633.8071899;0.006658543367
633.9265137;0.004013761412
634.0458984;0.006744552869
634.1652832;0.0006163991056
634.284668;0.005583428778
634.4040527;0.00382024073
634.5234375;0.0002293578
634.6428223;0.003691227175
634.762207;0.004400802776
634.8816528;0.00358371553
635.0010376;0.00478784414
635.1204224;0.002852637554
635.2398071;0.003712729318
635.3591919;0.003153669648
635.4785767;0.003003153717
635.5980225;0.004164277576
635.7174072;0.004078268539
635.836792;0.003218176542
635.9562378;0.003648222424
636.0756226;0.00302465586
636.1950073;0.004035263788
636.3144531;0.002659116872
636.4338379;0.004508314189
636.5532837;0.003175172023
636.6726685;0.002358084777
636.7921143;0.004293291364
636.911499;0.004701834638
637.0309448;0.003433199599
637.1503296;0.003927752376
637.2697754;0.002401089529
637.3892212;0.004185779952
637.508606;0.002680619247
637.6280518;0.004723337013
637.7474976;0.002229070989
637.8669434;0.004572821315
637.9863281;0.004164277576
638.1057739;0.003863245482
638.2252197;0.003239678917
638.3446655;0.003067660611
638.4641113;0.004250286613
638.5835571;0.006206995342
638.7030029;0.002551605459
638.8224487;0.003927752376
638.9418335;0.004529816564
639.0612793;0.004744839389
639.1807861;0.003540711012
639.3002319;0.003777236212
639.4196777;0.003110665129
639.5391235;0.004400802776
639.6585693;0.002874139929
639.7780151;0.004680332728
639.8974609;0.004572821315
640.0169067;0.003196674399
640.1364136;0.001842029858
640.2558594;0.005282396916
640.3753052;0.002702121623
640.494812;0.002401089529
640.6142578;0.003841743106
640.7337036;0.002745126141
640.8532104;0.002250573365
640.9726563;0.003476204118
641.0921021;0.003562213387
641.2116089;0.002272075741
641.3310547;0.003755733836
641.4505615;0.001949541271
641.5700073;0.002143061953
641.6895142;0.002250573365
641.80896;0.004594323225
641.9284668;0.004314793739
642.0479736;0.003368692705
642.1674194;0.002702121623
642.2869263;0.004443807527
642.4064331;0.00302465586
642.5258789;0.004078268539
642.6453857;0.002938646823
642.7648926;0.002444094047
642.8843994;0.004658830352
643.0039063;0.001691513811
643.1233521;0.002422591671
643.2428589;0.002465596423
643.3623657;0.002229070989
643.4818726;0.003648222424
643.6013794;0.001540997764
643.7208862;0.003325688187
643.8403931;0.002874139929
643.9598999;0.003884747624
644.0794067;0.001175458659
644.1989136;0.004250286613
644.3184204;0.003153669648
644.4379272;0.003433199599
644.5574341;0.004357798025
644.677002;0.00358371553
644.7965088;0.002874139929
644.9160156;0.003304185811
645.0355225;0.002487098565
645.1550293;0.004056766164
645.2745972;0.004508314189
645.394104;0.002895642305
645.5136108;0.002164564328
645.6331787;0.003089162754
645.7526855;0.00334719033
645.8721924;0.003110665129
645.9917603;0.002422591671
646.1112671;0.002938646823
646.230835;0.002637614729
646.3503418;0.006185492966
646.4699097;0.002745126141
646.5894165;0.004422305152
646.7089844;0.004400802776
646.8284912;0.004723337013
646.9480591;0.002250573365
647.067627;0.002831135411
647.1871338;0.003562213387
647.3067017;0.003626720281
647.4262695;0.003884747624
647.5457764;0.004852350801
647.6653442;0.004357798025
647.7849121;0.002809633035
647.90448;0.002401089529
648.0239868;0.002960149199
648.1435547;0.004465309437
648.2631226;0.002100057434
648.3826904;0.002723623766
648.5022583;0.002487098565
648.6218262;0.003390194848
648.741394;0.002401089529
648.8609619;0.002895642305
648.9805298;0.004207282327
649.1000977;0.005217889789
649.2196655;0.005153383128
649.3392334;0.002723623766
649.4588013;0.003777236212
649.5783691;0.001863532118
649.697937;0.004766341764
649.8175049;0.003433199599
649.9370728;0.003798738588
650.0566406;0.002723623766
650.1762695;0.003067660611
650.2958374;0.002594609978
650.4154053;0.003519208636
650.5349731;0.001691513811
650.6546021;0.002960149199
650.7741699;0.00278813066
650.8937378;0.002573107835
651.0133667;0.001756020589
651.1329346;0.001368979341
651.2525024;0.002336582635
651.3721313;0.003175172023
651.4916992;0.001691513811
651.6113281;0.001454988495
651.730896;0.003734231694
651.8505249;0.002121559577
651.9700928;0.002358084777
652.0897217;0.002465596423
652.2092896;0.002723623766
652.3289185;0.001756020589
652.4485474;0.00203555054
652.5681152;0.004529816564
652.6877441;0.003734231694
652.807373;0.001691513811
652.9269409;0.003153669648
653.0465698;0.004056766164
653.1661987;0.002809633035
653.2858276;0.002272075741
653.4053955;0.00390625
653.5250244;0.0008744266233
653.6446533;0.003325688187
653.7642822;0.001971043646
653.8839111;0.002293577883
654.00354;0.001756020589
654.1231689;0.003863245482
654.2427979;0.004508314189
654.3624268;0.001282970188
654.4820557;0.001067947247
654.6016846;0.002852637554
654.7213135;0.004981364589
654.8409424;0.003003153717
654.9605713;0.002573107835
655.0802002;0.002422591671
655.1998291;0.003519208636
655.319458;0.002465596423
655.4390869;0.003755733836
655.5587158;0.002508600941
655.6783447;0.00334719033
655.7980347;0.00173451833
655.9176636;0.002207568847
656.0372925;0.0007239105762
656.1569214;0.003605217906
656.2766113;0.002852637554
656.3962402;0.002809633035
656.5158691;0.001756020589
656.6355591;0.002745126141
656.755188;0.003390194848
656.8748779;0.002379587153
656.9945068;0.00302465586
657.1141357;0.003927752376
657.2338257;0.002057052683
657.3534546;0.003755733836
657.4731445;0.001562500023
657.5927734;0.003777236212
657.7124634;0.002680619247
657.8320923;0.002723623766
657.9517822;0.002981651342
658.0714722;0.003304185811
658.1911011;0.002680619247
658.310791;0.001239965553
658.4304199;0.003368692705
658.5501099;0.00382024073
658.6697998;0.003304185811
658.7894897;0.003949254751
658.9091187;0.002121559577
659.0288086;0.002401089529
659.1484985;0.001691513811
659.2681885;0.01098050456
659.3878174;0.003497706493
659.5075073;0.004185779952
659.6271973;0.002229070989
659.7468872;0.002680619247
659.8665771;0.003626720281
659.9862671;0.005712442566
660.105957;0.002379587153
660.225647;0.002917144448
660.3453369;0.001282970188
660.4650269;0.003132167505
660.5847168;0.003798738588
660.7044067;0.00278813066
660.8240967;0.002250573365
660.9437866;0.002895642305
661.0634766;0.002895642305
661.1831665;0.001497993129
661.3028564;0.001627006917
661.4225464;0.002379587153
661.5422363;0.002444094047
661.6619873;0.004078268539
661.7816772;0.003927752376
661.9013672;0.001196961035
662.0210571;0.002336582635
662.1407471;0.003196674399
662.260498;0.001519495388
662.380188;0.003153669648
662.4998779;0.001261467929
662.6196289;0.003712729318
662.7393188;0.003153669648
662.8590088;0.002487098565
662.9787598;0.003691227175
663.0984497;0.0002938646649
663.2182007;0.0009819380939
663.3378906;0.004164277576
663.4576416;0.001799025224
663.5773315;0.002702121623
663.6970825;0.001067947247
663.8167725;0.002573107835
663.9365234;0.002809633035
664.0562134;0.001842029858
664.1759644;0.002250573365
664.2956543;0.003777236212
664.4154053;0.001670011436
664.5351563;0.001368979341
664.6548462;0.001756020589
664.7745972;0.0041427752
664.8942871;0.001756020589
665.0140381;0.001304472447
665.1337891;0.00278813066
665.25354;0.002530103317
665.37323;0.002637614729
665.492981;0.002057052683
665.6127319;0.001562500023
665.7324829;0.001971043646
665.8522339;0.00278813066
665.9719238;0.003261181293
666.0916748;0.003863245482
666.2114258;0.004207282327
666.3311768;0.001368979341
666.4509277;0.001497993129
666.5706787;0.00147649087
666.6904297;0.003153669648
666.8101807;0.0011539564
666.9299316;0.003390194848
667.0496826;0.002530103317
667.1694336;0.0009819380939
667.2891846;0.002551605459
667.4089355;0.001906536752
667.5286865;0.002637614729
667.6484375;0.002379587153
667.7681885;0.002487098565
667.8879395;0.001562500023
668.0076904;0.00203555054
668.1275024;0.0009174311999
668.2472534;-0.0001791857794
668.3670044;0.0036697248
668.4867554;0.003648222424
668.6065063;0.002422591671
668.7263184;0.001261467929
668.8460693;0.002938646823
668.9658203;0.002186066471
669.0855713;0.002078555059
669.2053833;0.001519495388
669.3251343;0.002616112353
669.4448853;0.001605504542
669.5646973;0.004228784237
669.6844482;0.004056766164
669.8042603;0.003390194848
669.9240112;0.001799025224
670.0437622;0.00171301607
670.1635742;0.001519495388
670.2833252;0.003046158236
670.4031372;0.00358371553
670.5228882;0.002530103317
670.6427002;0.001003440353
670.7624512;0.002530103317
670.8822632;0.002164564328
671.0020142;0.00334719033
671.1218262;-0.0006092316471
671.2416382;0.0036697248
671.3613892;0.003325688187
671.4812012;0.00358371553
671.6009521;0.002444094047
671.7207642;0.001304472447
671.8405762;0.003476204118
671.9603271;0.00173451833
672.0801392;0.001971043646
672.1999512;0.002594609978
672.3197632;0.002745126141
672.4395142;0.001003440353
672.5593262;0.004357798025
672.6791382;0.002336582635
672.7989502;0.002401089529
672.9187622;0.0011539564
673.0385132;0.00302465586
673.1583252;0.003218176542
673.2781372;0.001777522964
673.3979492;0.001196961035
673.5177612;0.0004443807411
673.6375732;0.002057052683
673.7573853;0.001627006917
673.8771973;0.003691227175
673.9970093;0.002831135411
674.1168213;0.001928039012
674.2366333;0.001067947247
674.3564453;-0.000007167431249
674.4762573;0.001820527483
674.5960693;0.002358084777
674.7158813;0.005841456354
674.8356934;0.003261181293
674.9555054;0.001863532118
675.0753174;0.002164564328
675.1951294;0.004443807527
675.3149414;0.002981651342
675.4347534;0.003777236212
675.5546265;0.0007239105762
675.6744385;0.002874139929
675.7942505;0.002616112353
675.9140625;0.001562500023
676.0338745;0.002702121623
676.1537476;0.001196961035
676.2735596;0.0004013761354
676.3933716;0.002100057434
676.5131836;0.0002293578
676.6330566;0.001885034377
676.7528687;0.001971043646
676.8726807;0.002444094047
676.9925537;0.002852637554
677.1123657;0.002078555059
677.2321777;0.002401089529
677.3520508;0.001347477082
677.4718628;0.002852637554
677.5916748;0.002229070989
677.7115479;0.002702121623
677.8313599;0.002680619247
677.9512329;0.002745126141
678.0710449;0.001239965553
678.190918;0.002895642305
678.31073;0.003368692705
678.430603;0.001842029858
678.550415;0.001196961035
678.6702881;0.0007454128354
678.7901001;0.002960149199
678.9099731;0.0002293578
679.0298462;0.002895642305
679.1496582;0.002938646823
679.2695313;0.002422591671
679.3893433;0.002465596423
679.5092163;0.001067947247
679.6290894;0.002465596423
679.7489014;0.002250573365
679.8687744;0.001282970188
679.9886475;0.003046158236
680.1084595;0.001627006917
680.2283325;0.002487098565
680.3482056;0.003691227175
680.4680786;0.001368979341
680.5878906;0.0006379013648
680.7077637;0.003175172023
680.8276367;0.0009819380939
680.9475098;0.001175458659
681.0673828;0.0009389334591
681.1871948;0.002487098565
681.3070679;0.002637614729
681.4269409;0.00278813066
681.546814;0.002336582635
681.666687;0.002981651342
681.7865601;0.001605504542
681.9064331;0.002100057434
682.0263062;0.002358084777
682.1461792;0.002444094047
682.2660522;0.001992545789
682.3859253;0.004207282327
682.5057983;0.002874139929
682.6256714;0.001261467929
682.7455444;0.001132454141
682.8654175;0.001691513811
682.9852905;-0.00007167430886
683.1051636;0.003003153717
683.2250366;0.002809633035
683.3449097;0.003239678917
683.4647827;0.001497993129
683.5846558;0.002702121623
683.7045288;0.001971043646
683.8244019;0.003691227175
683.9442749;0.001540997764
684.0641479;0.003046158236
684.184082;0.001670011436
684.3039551;0.004078268539
684.4238281;0.002487098565
684.5437012;0.00203555054
684.6635742;0.002014048165
684.7835083;0.00278813066
684.9033813;0.001003440353
685.0232544;0.003132167505
685.1431274;0.002207568847
685.2630615;0.001218463294
685.3829346;0.004164277576
685.5028076;0.001820527483
685.6227417;0.003046158236
685.7426147;0.001971043646
685.8624878;0.0007024082588
685.9824219;0.004336295649
686.1022949;0.001089449506
686.222168;0.001132454141
686.3421021;0.001777522964
686.4619751;0.002573107835
686.5819092;0.00147649087
686.7017822;0.005991972517
686.8216553;0.0005518922117
686.9415894;0.002981651342
687.0614624;0.0009819380939
687.1813965;0.001239965553
687.3012695;0.0006594036822
687.4212036;0.00173451833
687.5410767;0.003067660611
687.6610107;0.004207282327
687.7808838;0.001519495388
687.9008179;0.002272075741
688.0206909;0.00147649087
688.140625;0.002616112353
688.2605591;0.001368979341
688.3804321;0.002014048165
688.5003662;0.0006809059414
688.6202393;0.001928039012
688.7401733;0.0009604357765
688.8601074;0.002895642305
688.9799805;0.0009174311999
689.0999146;0.001239965553
689.2198486;0.001261467929
689.3397217;0.002917144448
689.4596558;0.00302465586
689.5795898;0.001411983976
689.6994629;0.001627006917
689.819397;0.004422305152
689.9393311;0.001411983976
690.0592651;0.003218176542
690.1791382;0.003282683436
690.2990723;0.003089162754
690.4190063;0.006637041457
690.5389404;0.001024942612
690.6588745;0.003390194848
690.7787476;-0.000007167431249
690.8986816;0.002272075741
691.0186157;0.00173451833
691.1385498;0.002078555059
691.2584839;0.0005518922117
691.378418;0.002465596423
691.498291;0.0007239105762
691.6182251;0.002723623766
691.7381592;0.004293291364
691.8580933;0.001605504542
691.9780273;0.002465596423
692.0979614;0.001584002282
692.2178955;0.002293577883
692.3378296;0.0001863532088
692.4577637;0.0009389334591
692.5776978;0.002250573365
692.6976318;0.003110665129
692.8175659;0.00203555054
692.9375;0.00173451833
693.0574341;0.001777522964
693.1773682;0.002573107835
693.2973022;0.0009819380939
693.4172363;0.001196961035
693.5371704;0.002960149199
693.6571045;0.002379587153
693.7770386;0.001863532118
693.8969727;0.002723623766
694.0169067;0.003605217906
694.1369019;0.002981651342
694.2568359;0.001239965553
694.37677;0.001519495388
694.4967041;0.003368692705
694.6166382;0.001627006917
694.7365723;0.002078555059
694.8565063;0.002143061953
694.9765015;0.001239965553
695.0964355;0.00278813066
695.2163696;0.0002078555117
695.3363037;0.001196961035
695.4562378;0.001390481601
695.5762329;0.001218463294
695.696167;0.002121559577
695.8161011;0.001885034377
695.9360352;0.001325974823
696.0560303;0.0002293578
696.1759644;0.003648222424
696.2958984;0.002594609978
696.4158325;0.003089162754
696.5358276;0.0005733944708
696.6557617;0.002680619247
696.7756958;0.002831135411
696.8956909;0.0005518922117
697.015625;0.001347477082
697.1355591;0.001433486235
697.2555542;0.001799025224
697.3754883;0.003132167505
697.4954834;0.003110665129
697.6154175;0.001605504542
697.7353516;0.003562213387
697.8553467;0.002745126141
697.9752808;0.004271788988
698.0952759;0.0011539564
698.21521;0.002960149199
698.335144;0.001885034377
698.4551392;0.001519495388
698.5750732;0.0002293578
698.6950684;0.001218463294
698.8150024;0.002616112353
698.9349976;0.0011539564
699.0549316;0.0007024082588
699.1749268;0.001497993129
699.2948608;0.0005733944708
699.414856;0.00173451833
699.53479;0.001239965553
699.6547852;0.00278813066
699.7747192;0.002745126141
699.8947144;0.001799025224
700.0147095;0.001282970188
700.1346436;0.002422591671
700.2546387;0.001218463294
700.3745728;0.003239678917
700.4945679;0.001433486235
700.614502;0.003476204118
700.7344971;0.001971043646
700.8544922;0.001756020589
700.9744263;0.001067947247
701.0944214;0.0008099197294
701.2144165;-0.0002436926588
701.3343506;0.002444094047
701.4543457;0.001196961035
701.5743408;0.002723623766
701.6942749;0.001519495388
701.81427;0.001842029858
701.9342651;0.0009819380939
702.0541992;0.002229070989
702.1741943;0.001562500023
702.2941895;0.001540997764
702.4141235;0.002186066471
702.5341187;0.0005088876351
702.6541138;0.001540997764
702.7741089;0.001411983976
702.894043;0.00173451833
703.0140381;0.002702121623
703.1340332;0.001799025224
703.2540283;0.0011539564
703.3740234;0.002745126141
703.4939575;0.001519495388
703.6139526;0.002745126141
703.7339478;0.0002938646649
703.8539429;0.003003153717
703.973938;0.002551605459
704.0938721;0.0001218463294
704.2138672;0.0008744266233
704.3338623;0.004895355552
704.4538574;0.002057052683
704.5738525;0.002014048165
704.6938477;0.002508600941
704.8138428;0.001261467929
704.9337769;0.001368979341
705.053772;0.0011539564
705.1737671;0.002057052683
705.2937622;0.0009604357765
705.4137573;0.0009389334591
705.5337524;0.003325688187
705.6537476;0.003368692705
705.7737427;0.001304472447
705.8937378;0.002551605459
706.0137329;0.0009174311999
706.133728;0.0008959288825
706.2537231;0.003325688187
706.3736572;0.001196961035
706.4936523;0.002336582635
706.6136475;0.002723623766
706.7336426;0.002164564328
706.8536377;0.002164564328
706.9736328;0.002895642305
707.0936279;0.0000143348625
707.213623;0.00358371553
707.3336182;0.001218463294
707.4536133;0.0007669151528
707.5736084;0.00302465586
707.6936035;0.002143061953
707.8136597;0.001089449506
707.9336548;0.001648509176
708.0536499;0.0009389334591
708.173645;0.0004443807411
708.2936401;0.001347477082
708.4136353;0.0007669151528
708.5336304;0.0004873853177
708.6536255;0.00147649087
708.7736206;0.002057052683
708.8936157;0.001110951882
709.0136108;0.001885034377
709.133606;0.001670011436
709.2536011;0.001949541271
709.3736572;0.0005733944708
709.4936523;0.001239965553
709.6136475;0.001089449506
709.7336426;-0.0004157110234
709.8536377;0.001261467929
709.9736328;0.001196961035
710.0936279;0.002057052683
710.2136841;0.00003583715443
710.3336792;0.001519495388
710.4536743;0.0006163991056
710.5736694;0.001627006917
710.6936646;0.002809633035
710.8136597;0.002809633035
710.9337158;0.0006809059414
711.0537109;0.003196674399
711.1737061;0.0007669151528
711.2937012;0.0006594036822
711.4136963;0.001842029858
711.5337524;0.001584002282
711.6537476;0.0009604357765
711.7737427;0.003476204118
711.8937378;0.001454988495
712.0137939;0.002530103317
712.1337891;0.002981651342
712.2537842;0.001325974823
712.3737793;0.0001433486177
712.4938354;0.0009389334591
712.6138306;0.001842029858
712.7338257;0.0011539564
712.8538208;0.002766628517
712.973877;-0.0008457569056
713.0938721;0.002315080259
713.2138672;0.0003583715588
713.3338623;-0.0005662270705
713.4539185;0.003132167505
713.5739136;0.001497993129
713.6939087;0.0008744266233
713.8139648;0.00147649087
713.93396;0.0009819380939
714.0539551;0.0007669151528
714.1740112;0.001691513811
714.2940063;0.001519495388
714.4140015;0.001132454141
714.5340576;-0.0005447247531
714.6540527;0.00171301607
714.7740479;-0.001576834824
714.894104;0.0009604357765
715.0140991;0.003175172023
715.1340942;0.004336295649
715.2541504;0.001132454141
715.3741455;0.002164564328
715.4942017;0.002229070989
715.6141968;0.0008529243059
715.7341919;0.001454988495
715.854248;0.001691513811
715.9742432;0.0009389334591
716.0942383;0.001110951882
716.2142944;0.00147649087
716.3342896;0.00278813066
716.4543457;0.002895642305
716.5743408;0.003325688187
716.6943359;0.0006594036822
716.8143921;0.002573107835
716.9343872;0.002100057434
717.0544434;0.001003440353
717.1744385;0.001670011436
717.2944946;0.001261467929
717.4144897;0.0004658830294
717.5344849;0.002358084777
717.654541;0.0009389334591
717.7745361;0.002766628517
717.8945923;0.00173451833
718.0145874;0.0008314220468
718.1346436;0.001540997764
718.2546387;0.001454988495
718.3746948;0.0000143348625
718.4946899;0.0004228784528
718.6147461;0.001304472447
718.7347412;-0.000394208706
718.8547363;0.0009604357765
718.9747925;0.002594609978
719.0947876;-0.000007167431249
719.2148438;0.001347477082
719.3348389;0.0004443807411
719.454895;0.0005518922117
719.5748901;-0.0007167431177
719.6949463;0.002272075741
719.8149414;0.001433486235
719.9349976;0.0008744266233
720.0549927;0.002250573365
720.1750488;0.0008314220468
720.2950439;0.002530103317
720.4151001;0.0008099197294
720.5350952;0.002702121623
720.6551514;0.001756020589
720.7752075;0.0003368692705
720.8952026;0.001842029858
721.0152588;0.001390481601
721.1352539;0.00203555054
721.2553101;0.002852637554
721.3753052;0.0004443807411
721.4953613;-0.0006737385411
721.6153564;0.003970756661
721.7354126;0.00173451833
721.8554077;0.001949541271
721.9754639;0.001239965553
722.095459;0.001670011436
722.2155151;0.001928039012
722.3355713;0.001497993129
722.4555664;0.0005733944708
722.5756226;0.002272075741
722.6956177;0.00147649087
722.8156738;0.001325974823
722.9356689;-0.0001576834911
723.0557251;0.0011539564
723.1757202;-0.0006092316471
723.2957764;0.001411983976
723.4158325;-0.000394208706
723.5358276;0.001885034377
723.6558838;-0.000028669725
723.7758789;0.001863532118
723.8959351;0.001046444988
724.0159912;0.0007669151528
724.1359863;0.001820527483
724.2560425;0.003153669648
724.3760376;0.0002938646649
724.4960938;0.001906536752
724.6160889;0.001648509176
724.736145;0.002616112353
724.8562012;0.001885034377
724.9761963;0.002315080259
725.0962524;-0.0006307339645
725.2162476;0.0008099197294
725.3363037;0.00173451833
725.4563599;0.00358371553
725.576355;0.0003798738471
725.6964111;0.002594609978
725.8164063;-0.0001791857794
725.9364624;0.001756020589
726.0565186;0.0005733944708
726.1765137;0.001691513811
726.2965698;-0.0002006880677
726.416626;0.003863245482
726.5366211;-0.000028669725
726.6566772;0.002745126141
726.7766724;0.002702121623
726.8967285;0.001971043646
727.0167847;0.0005948967882
727.1367798;0.002444094047
727.2568359;-0.0001791857794
727.3768311;0.001863532118
727.4968872;0.002100057434
727.6169434;0.001218463294
727.7369385;0.001067947247
727.8569946;0.003196674399
727.9770508;0.0001433486177
728.0970459;0.003390194848
728.2171021;-0.0004802178883
728.3370972;0.002379587153
728.4571533;0.001411983976
728.5772095;0.0004013761354
728.6972046;-0.0006522362237
728.8172607;0.001949541271
728.9373169;0.001218463294
729.057312;0.001648509176
729.1773682;0.0005303898943
729.2974243;0.001196961035
729.4174194;-0.00005017201693
729.5374756;0.001648509176
729.6574707;-0.001555332565
729.7775269;0.002960149199
729.897583;-0.0006522362237
730.0175781;0.003304185811
730.1376343;0.00147649087
730.2576904;0.001756020589
730.3776855;0.0005303898943
730.4977417;0.001756020589
730.6177368;0.0007454128354
730.737793;0.00171301607
730.8578491;0.002530103317
730.9778442;0.001584002282
731.0979004;0.0004658830294
731.2179565;0.0002723623766
731.3379517;0.001003440353
731.4580078;0.001820527483
731.578064;0.001046444988
731.6980591;0.001454988495
731.8181152;0.0003798738471
731.9381104;0.002401089529
732.0581665;0.001863532118
732.1782227;0.001497993129
732.2982178;0.0008744266233
732.4182739;0.002702121623
732.5383301;0.001304472447
732.6583252;0.002143061953
732.7783813;0.001368979341
732.8983765;0.001584002282
733.0184326;0.0003798738471
733.1384888;0.00147649087
733.2584839;0.001368979341
733.37854;0.0001218463294
733.4985962;0.002379587153
733.6185913;0.001562500023
733.7386475;0.002659116872
733.8586426;-0.00005017201693
733.9786987;0.002508600941
734.0987549;0.0009604357765
734.21875;0.002379587153
734.3388062;0.0009389334591
734.4588623;0.0006379013648
734.5788574;0.0005303898943
734.6989136;0.001540997764
734.8189087;0.0008529243059
734.9389648;0.001971043646
735.059021;0.001046444988
735.1790161;0.0006163991056
735.2990723;0.001411983976
735.4190674;0.0009174311999
735.5391235;0.001433486235
735.6591797;0.0008959288825
735.7791748;0.001433486235
735.899231;0.002895642305
736.0192261;0.001433486235
736.1392822;0.0006594036822
736.2593384;-0.00005017201693
736.3793335;0.003777236212
736.4993896;0.001003440353
736.6193848;0.0007454128354
736.7394409;0.0009819380939
736.8594971;0.00147649087
736.9794922;0.001584002282
737.0995483;0.0006379013648
737.2195435;0.001519495388
737.3395996;0.001777522964
737.4596558;0.0004443807411
737.5796509;0.001777522964
737.699707;0.001519495388
737.8197021;0.001089449506
737.9397583;0.0006809059414
738.0597534;0.001067947247
738.1798096;-0.0004802178883
738.2998657;0.0009604357765
738.4198608;0.002938646823
738.539917;0.001992545789
738.6599121;0.001218463294
738.7799683;0.001325974823
738.8999634;0.002702121623
739.0200195;0.001777522964
739.1400146;0.001540997764
739.2600708;0.002164564328
739.380127;0.0006594036822
739.5001221;0.001089449506
739.6201782;0.0008959288825
739.7401733;0.001971043646
739.8602295;-0.001039277529
739.9802246;0.001325974823
740.1002808;0.0008959288825
740.2202759;0.002637614729
740.340332;0.002250573365
740.4603271;0.00203555054
740.5803833;0.0002508600883
740.7003784;0.003648222424
740.8204346;0.0003798738471
740.9404297;0.001089449506
741.0604858;0.001024942612
741.180481;0.00278813066
741.3005371;0.001089449506
741.4205322;0.001584002282
741.5405884;0.002014048165
741.6605835;0.00278813066
741.7806396;0.001132454141
741.9006348;0.001584002282
742.0206909;0.0002293578
742.140686;0.001627006917
742.2607422;0.000788417412
742.3807373;0.001906536752
742.5007935;0.001067947247
742.6207886;0.001928039012
742.7408447;0.001347477082
742.8608398;0.0008314220468
742.980896;0.001175458659
743.1008911;0.0003368692705
743.2209473;0.001627006917
743.3409424;0.003218176542
743.4609375;0.00147649087
743.5809937;0.001584002282
743.7009888;0.001347477082
743.8210449;0.001089449506
743.94104;-0.003576548072
744.0610962;-0.001168291317
744.1810913;-0.001576834824
744.3010864;-0.00215739687
744.4211426;-0.002694954164
744.5411377;-0.002888474846
[EndOfFile];
